resource_id,week_start,available_capacity_pct
EMP-1001,2026-08-31,60
EMP-1001,2026-09-07,63
EMP-1001,2026-09-14,66
EMP-1001,2026-09-21,60
EMP-1001,2026-09-28,63
EMP-1001,2026-10-05,66
EMP-1001,2026-10-12,60
EMP-1001,2026-10-19,63
EMP-1001,2026-10-26,66
EMP-1001,2026-11-02,60
EMP-1001,2026-11-09,63
EMP-1001,2026-11-16,66
EMP-1001,2026-11-23,60
EMP-1001,2026-11-30,63
EMP-1001,2026-12-07,66
EMP-1001,2026-12-14,60
EMP-1001,2026-12-21,63
EMP-1001,2026-12-28,66
EMP-1001,2027-01-04,60
EMP-1001,2027-01-11,63
EMP-1001,2027-01-18,66
EMP-1001,2027-01-25,60
EMP-1001,2027-02-01,63
EMP-1001,2027-02-08,66
EMP-1001,2027-02-15,60
EMP-1001,2027-02-22,63
EMP-1001,2027-03-01,66
EMP-1001,2027-03-08,60
EMP-1001,2027-03-15,63
EMP-1001,2027-03-22,66
EMP-1002,2026-08-31,60
EMP-1002,2026-09-07,63
EMP-1002,2026-09-14,66
EMP-1002,2026-09-21,60
EMP-1002,2026-09-28,63
EMP-1002,2026-10-05,66
EMP-1002,2026-10-12,60
EMP-1002,2026-10-19,63
EMP-1002,2026-10-26,66
EMP-1002,2026-11-02,60
EMP-1002,2026-11-09,63
EMP-1002,2026-11-16,66
EMP-1002,2026-11-23,60
EMP-1002,2026-11-30,63
EMP-1002,2026-12-07,66
EMP-1002,2026-12-14,60
EMP-1002,2026-12-21,63
EMP-1002,2026-12-28,66
EMP-1002,2027-01-04,60
EMP-1002,2027-01-11,63
EMP-1002,2027-01-18,66
EMP-1002,2027-01-25,60
EMP-1002,2027-02-01,63
EMP-1002,2027-02-08,66
EMP-1002,2027-02-15,60
EMP-1002,2027-02-22,63
EMP-1002,2027-03-01,66
EMP-1002,2027-03-08,60
EMP-1002,2027-03-15,63
EMP-1002,2027-03-22,66
EMP-1003,2026-08-31,61
EMP-1003,2026-09-07,61
EMP-1003,2026-09-14,63
EMP-1003,2026-09-21,59
EMP-1003,2026-09-28,58
EMP-1003,2026-10-05,58
EMP-1003,2026-10-12,66
EMP-1003,2026-10-19,62
EMP-1003,2026-10-26,66
EMP-1003,2026-11-02,57
EMP-1003,2026-11-09,58
EMP-1003,2026-11-16,59
EMP-1003,2026-11-23,66
EMP-1003,2026-11-30,59
EMP-1003,2026-12-07,59
EMP-1003,2026-12-14,61
EMP-1003,2026-12-21,57
EMP-1003,2026-12-28,58
EMP-1003,2027-01-04,61
EMP-1003,2027-01-11,59
EMP-1003,2027-01-18,66
EMP-1003,2027-01-25,65
EMP-1003,2027-02-01,65
EMP-1003,2027-02-08,64
EMP-1003,2027-02-15,60
EMP-1003,2027-02-22,59
EMP-1003,2027-03-01,62
EMP-1003,2027-03-08,59
EMP-1003,2027-03-15,60
EMP-1003,2027-03-22,58
EMP-1004,2026-08-31,64
EMP-1004,2026-09-07,65
EMP-1004,2026-09-14,59
EMP-1004,2026-09-21,58
EMP-1004,2026-09-28,58
EMP-1004,2026-10-05,62
EMP-1004,2026-10-12,66
EMP-1004,2026-10-19,65
EMP-1004,2026-10-26,67
EMP-1004,2026-11-02,66
EMP-1004,2026-11-09,58
EMP-1004,2026-11-16,65
EMP-1004,2026-11-23,59
EMP-1004,2026-11-30,65
EMP-1004,2026-12-07,62
EMP-1004,2026-12-14,60
EMP-1004,2026-12-21,58
EMP-1004,2026-12-28,65
EMP-1004,2027-01-04,59
EMP-1004,2027-01-11,66
EMP-1004,2027-01-18,57
EMP-1004,2027-01-25,67
EMP-1004,2027-02-01,59
EMP-1004,2027-02-08,63
EMP-1004,2027-02-15,67
EMP-1004,2027-02-22,67
EMP-1004,2027-03-01,65
EMP-1004,2027-03-08,62
EMP-1004,2027-03-15,61
EMP-1004,2027-03-22,65
EMP-1005,2026-08-31,62
EMP-1005,2026-09-07,60
EMP-1005,2026-09-14,61
EMP-1005,2026-09-21,61
EMP-1005,2026-09-28,54
EMP-1005,2026-10-05,61
EMP-1005,2026-10-12,55
EMP-1005,2026-10-19,56
EMP-1005,2026-10-26,57
EMP-1005,2026-11-02,53
EMP-1005,2026-11-09,56
EMP-1005,2026-11-16,62
EMP-1005,2026-11-23,52
EMP-1005,2026-11-30,52
EMP-1005,2026-12-07,58
EMP-1005,2026-12-14,60
EMP-1005,2026-12-21,52
EMP-1005,2026-12-28,61
EMP-1005,2027-01-04,54
EMP-1005,2027-01-11,57
EMP-1005,2027-01-18,60
EMP-1005,2027-01-25,53
EMP-1005,2027-02-01,62
EMP-1005,2027-02-08,52
EMP-1005,2027-02-15,55
EMP-1005,2027-02-22,60
EMP-1005,2027-03-01,61
EMP-1005,2027-03-08,55
EMP-1005,2027-03-15,55
EMP-1005,2027-03-22,53
EMP-1006,2026-08-31,31
EMP-1006,2026-09-07,38
EMP-1006,2026-09-14,34
EMP-1006,2026-09-21,30
EMP-1006,2026-09-28,39
EMP-1006,2026-10-05,31
EMP-1006,2026-10-12,36
EMP-1006,2026-10-19,34
EMP-1006,2026-10-26,39
EMP-1006,2026-11-02,33
EMP-1006,2026-11-09,38
EMP-1006,2026-11-16,36
EMP-1006,2026-11-23,39
EMP-1006,2026-11-30,39
EMP-1006,2026-12-07,33
EMP-1006,2026-12-14,38
EMP-1006,2026-12-21,34
EMP-1006,2026-12-28,35
EMP-1006,2027-01-04,30
EMP-1006,2027-01-11,39
EMP-1006,2027-01-18,40
EMP-1006,2027-01-25,35
EMP-1006,2027-02-01,33
EMP-1006,2027-02-08,34
EMP-1006,2027-02-15,32
EMP-1006,2027-02-22,38
EMP-1006,2027-03-01,40
EMP-1006,2027-03-08,32
EMP-1006,2027-03-15,37
EMP-1006,2027-03-22,33
EMP-1007,2026-08-31,50
EMP-1007,2026-09-07,51
EMP-1007,2026-09-14,53
EMP-1007,2026-09-21,52
EMP-1007,2026-09-28,57
EMP-1007,2026-10-05,53
EMP-1007,2026-10-12,51
EMP-1007,2026-10-19,56
EMP-1007,2026-10-26,49
EMP-1007,2026-11-02,47
EMP-1007,2026-11-09,57
EMP-1007,2026-11-16,51
EMP-1007,2026-11-23,48
EMP-1007,2026-11-30,47
EMP-1007,2026-12-07,50
EMP-1007,2026-12-14,55
EMP-1007,2026-12-21,57
EMP-1007,2026-12-28,57
EMP-1007,2027-01-04,47
EMP-1007,2027-01-11,52
EMP-1007,2027-01-18,54
EMP-1007,2027-01-25,52
EMP-1007,2027-02-01,50
EMP-1007,2027-02-08,51
EMP-1007,2027-02-15,57
EMP-1007,2027-02-22,48
EMP-1007,2027-03-01,47
EMP-1007,2027-03-08,51
EMP-1007,2027-03-15,52
EMP-1007,2027-03-22,57
EMP-1008,2026-08-31,46
EMP-1008,2026-09-07,43
EMP-1008,2026-09-14,42
EMP-1008,2026-09-21,41
EMP-1008,2026-09-28,45
EMP-1008,2026-10-05,47
EMP-1008,2026-10-12,44
EMP-1008,2026-10-19,47
EMP-1008,2026-10-26,40
EMP-1008,2026-11-02,39
EMP-1008,2026-11-09,44
EMP-1008,2026-11-16,48
EMP-1008,2026-11-23,40
EMP-1008,2026-11-30,38
EMP-1008,2026-12-07,38
EMP-1008,2026-12-14,40
EMP-1008,2026-12-21,39
EMP-1008,2026-12-28,43
EMP-1008,2027-01-04,40
EMP-1008,2027-01-11,43
EMP-1008,2027-01-18,43
EMP-1008,2027-01-25,40
EMP-1008,2027-02-01,46
EMP-1008,2027-02-08,45
EMP-1008,2027-02-15,40
EMP-1008,2027-02-22,45
EMP-1008,2027-03-01,40
EMP-1008,2027-03-08,45
EMP-1008,2027-03-15,44
EMP-1008,2027-03-22,42
EMP-1009,2026-08-31,40
EMP-1009,2026-09-07,47
EMP-1009,2026-09-14,42
EMP-1009,2026-09-21,37
EMP-1009,2026-09-28,46
EMP-1009,2026-10-05,47
EMP-1009,2026-10-12,39
EMP-1009,2026-10-19,46
EMP-1009,2026-10-26,40
EMP-1009,2026-11-02,46
EMP-1009,2026-11-09,46
EMP-1009,2026-11-16,41
EMP-1009,2026-11-23,47
EMP-1009,2026-11-30,41
EMP-1009,2026-12-07,41
EMP-1009,2026-12-14,44
EMP-1009,2026-12-21,42
EMP-1009,2026-12-28,40
EMP-1009,2027-01-04,41
EMP-1009,2027-01-11,38
EMP-1009,2027-01-18,38
EMP-1009,2027-01-25,46
EMP-1009,2027-02-01,47
EMP-1009,2027-02-08,39
EMP-1009,2027-02-15,42
EMP-1009,2027-02-22,41
EMP-1009,2027-03-01,41
EMP-1009,2027-03-08,37
EMP-1009,2027-03-15,43
EMP-1009,2027-03-22,42
EMP-1010,2026-08-31,54
EMP-1010,2026-09-07,58
EMP-1010,2026-09-14,63
EMP-1010,2026-09-21,54
EMP-1010,2026-09-28,54
EMP-1010,2026-10-05,63
EMP-1010,2026-10-12,58
EMP-1010,2026-10-19,59
EMP-1010,2026-10-26,59
EMP-1010,2026-11-02,64
EMP-1010,2026-11-09,55
EMP-1010,2026-11-16,57
EMP-1010,2026-11-23,64
EMP-1010,2026-11-30,62
EMP-1010,2026-12-07,54
EMP-1010,2026-12-14,54
EMP-1010,2026-12-21,62
EMP-1010,2026-12-28,55
EMP-1010,2027-01-04,55
EMP-1010,2027-01-11,59
EMP-1010,2027-01-18,59
EMP-1010,2027-01-25,61
EMP-1010,2027-02-01,62
EMP-1010,2027-02-08,58
EMP-1010,2027-02-15,55
EMP-1010,2027-02-22,63
EMP-1010,2027-03-01,54
EMP-1010,2027-03-08,54
EMP-1010,2027-03-15,62
EMP-1010,2027-03-22,56
EMP-1011,2026-08-31,39
EMP-1011,2026-09-07,38
EMP-1011,2026-09-14,43
EMP-1011,2026-09-21,44
EMP-1011,2026-09-28,43
EMP-1011,2026-10-05,39
EMP-1011,2026-10-12,45
EMP-1011,2026-10-19,41
EMP-1011,2026-10-26,38
EMP-1011,2026-11-02,42
EMP-1011,2026-11-09,46
EMP-1011,2026-11-16,41
EMP-1011,2026-11-23,48
EMP-1011,2026-11-30,38
EMP-1011,2026-12-07,41
EMP-1011,2026-12-14,41
EMP-1011,2026-12-21,39
EMP-1011,2026-12-28,44
EMP-1011,2027-01-04,45
EMP-1011,2027-01-11,46
EMP-1011,2027-01-18,46
EMP-1011,2027-01-25,39
EMP-1011,2027-02-01,47
EMP-1011,2027-02-08,40
EMP-1011,2027-02-15,47
EMP-1011,2027-02-22,39
EMP-1011,2027-03-01,39
EMP-1011,2027-03-08,42
EMP-1011,2027-03-15,46
EMP-1011,2027-03-22,44
EMP-1012,2026-08-31,57
EMP-1012,2026-09-07,55
EMP-1012,2026-09-14,56
EMP-1012,2026-09-21,61
EMP-1012,2026-09-28,56
EMP-1012,2026-10-05,62
EMP-1012,2026-10-12,62
EMP-1012,2026-10-19,61
EMP-1012,2026-10-26,58
EMP-1012,2026-11-02,59
EMP-1012,2026-11-09,55
EMP-1012,2026-11-16,58
EMP-1012,2026-11-23,60
EMP-1012,2026-11-30,53
EMP-1012,2026-12-07,57
EMP-1012,2026-12-14,62
EMP-1012,2026-12-21,58
EMP-1012,2026-12-28,63
EMP-1012,2027-01-04,63
EMP-1012,2027-01-11,62
EMP-1012,2027-01-18,56
EMP-1012,2027-01-25,54
EMP-1012,2027-02-01,62
EMP-1012,2027-02-08,63
EMP-1012,2027-02-15,56
EMP-1012,2027-02-22,56
EMP-1012,2027-03-01,57
EMP-1012,2027-03-08,59
EMP-1012,2027-03-15,62
EMP-1012,2027-03-22,61
EMP-1013,2026-08-31,58
EMP-1013,2026-09-07,59
EMP-1013,2026-09-14,63
EMP-1013,2026-09-21,59
EMP-1013,2026-09-28,63
EMP-1013,2026-10-05,57
EMP-1013,2026-10-12,53
EMP-1013,2026-10-19,62
EMP-1013,2026-10-26,60
EMP-1013,2026-11-02,55
EMP-1013,2026-11-09,56
EMP-1013,2026-11-16,61
EMP-1013,2026-11-23,54
EMP-1013,2026-11-30,56
EMP-1013,2026-12-07,57
EMP-1013,2026-12-14,63
EMP-1013,2026-12-21,58
EMP-1013,2026-12-28,59
EMP-1013,2027-01-04,60
EMP-1013,2027-01-11,55
EMP-1013,2027-01-18,62
EMP-1013,2027-01-25,59
EMP-1013,2027-02-01,56
EMP-1013,2027-02-08,55
EMP-1013,2027-02-15,62
EMP-1013,2027-02-22,54
EMP-1013,2027-03-01,62
EMP-1013,2027-03-08,57
EMP-1013,2027-03-15,61
EMP-1013,2027-03-22,62
EMP-1014,2026-08-31,58
EMP-1014,2026-09-07,65
EMP-1014,2026-09-14,58
EMP-1014,2026-09-21,59
EMP-1014,2026-09-28,62
EMP-1014,2026-10-05,58
EMP-1014,2026-10-12,64
EMP-1014,2026-10-19,64
EMP-1014,2026-10-26,60
EMP-1014,2026-11-02,66
EMP-1014,2026-11-09,67
EMP-1014,2026-11-16,58
EMP-1014,2026-11-23,58
EMP-1014,2026-11-30,58
EMP-1014,2026-12-07,60
EMP-1014,2026-12-14,61
EMP-1014,2026-12-21,60
EMP-1014,2026-12-28,65
EMP-1014,2027-01-04,60
EMP-1014,2027-01-11,66
EMP-1014,2027-01-18,68
EMP-1014,2027-01-25,58
EMP-1014,2027-02-01,63
EMP-1014,2027-02-08,58
EMP-1014,2027-02-15,64
EMP-1014,2027-02-22,62
EMP-1014,2027-03-01,61
EMP-1014,2027-03-08,59
EMP-1014,2027-03-15,67
EMP-1014,2027-03-22,59
EMP-1015,2026-08-31,62
EMP-1015,2026-09-07,65
EMP-1015,2026-09-14,59
EMP-1015,2026-09-21,66
EMP-1015,2026-09-28,67
EMP-1015,2026-10-05,67
EMP-1015,2026-10-12,59
EMP-1015,2026-10-19,67
EMP-1015,2026-10-26,61
EMP-1015,2026-11-02,66
EMP-1015,2026-11-09,65
EMP-1015,2026-11-16,66
EMP-1015,2026-11-23,67
EMP-1015,2026-11-30,60
EMP-1015,2026-12-07,63
EMP-1015,2026-12-14,63
EMP-1015,2026-12-21,60
EMP-1015,2026-12-28,64
EMP-1015,2027-01-04,61
EMP-1015,2027-01-11,63
EMP-1015,2027-01-18,62
EMP-1015,2027-01-25,59
EMP-1015,2027-02-01,63
EMP-1015,2027-02-08,67
EMP-1015,2027-02-15,67
EMP-1015,2027-02-22,65
EMP-1015,2027-03-01,65
EMP-1015,2027-03-08,59
EMP-1015,2027-03-15,64
EMP-1015,2027-03-22,59
EMP-1016,2026-08-31,67
EMP-1016,2026-09-07,69
EMP-1016,2026-09-14,66
EMP-1016,2026-09-21,62
EMP-1016,2026-09-28,68
EMP-1016,2026-10-05,69
EMP-1016,2026-10-12,70
EMP-1016,2026-10-19,67
EMP-1016,2026-10-26,65
EMP-1016,2026-11-02,65
EMP-1016,2026-11-09,66
EMP-1016,2026-11-16,68
EMP-1016,2026-11-23,62
EMP-1016,2026-11-30,65
EMP-1016,2026-12-07,70
EMP-1016,2026-12-14,66
EMP-1016,2026-12-21,69
EMP-1016,2026-12-28,62
EMP-1016,2027-01-04,67
EMP-1016,2027-01-11,64
EMP-1016,2027-01-18,66
EMP-1016,2027-01-25,70
EMP-1016,2027-02-01,63
EMP-1016,2027-02-08,61
EMP-1016,2027-02-15,67
EMP-1016,2027-02-22,63
EMP-1016,2027-03-01,66
EMP-1016,2027-03-08,63
EMP-1016,2027-03-15,69
EMP-1016,2027-03-22,62
EMP-1017,2026-08-31,41
EMP-1017,2026-09-07,44
EMP-1017,2026-09-14,39
EMP-1017,2026-09-21,40
EMP-1017,2026-09-28,47
EMP-1017,2026-10-05,37
EMP-1017,2026-10-12,44
EMP-1017,2026-10-19,42
EMP-1017,2026-10-26,46
EMP-1017,2026-11-02,42
EMP-1017,2026-11-09,44
EMP-1017,2026-11-16,37
EMP-1017,2026-11-23,44
EMP-1017,2026-11-30,47
EMP-1017,2026-12-07,42
EMP-1017,2026-12-14,45
EMP-1017,2026-12-21,41
EMP-1017,2026-12-28,45
EMP-1017,2027-01-04,41
EMP-1017,2027-01-11,38
EMP-1017,2027-01-18,42
EMP-1017,2027-01-25,44
EMP-1017,2027-02-01,42
EMP-1017,2027-02-08,45
EMP-1017,2027-02-15,45
EMP-1017,2027-02-22,41
EMP-1017,2027-03-01,38
EMP-1017,2027-03-08,42
EMP-1017,2027-03-15,43
EMP-1017,2027-03-22,43
EMP-1018,2026-08-31,52
EMP-1018,2026-09-07,52
EMP-1018,2026-09-14,55
EMP-1018,2026-09-21,58
EMP-1018,2026-09-28,51
EMP-1018,2026-10-05,51
EMP-1018,2026-10-12,54
EMP-1018,2026-10-19,51
EMP-1018,2026-10-26,53
EMP-1018,2026-11-02,57
EMP-1018,2026-11-09,52
EMP-1018,2026-11-16,49
EMP-1018,2026-11-23,57
EMP-1018,2026-11-30,55
EMP-1018,2026-12-07,57
EMP-1018,2026-12-14,50
EMP-1018,2026-12-21,59
EMP-1018,2026-12-28,58
EMP-1018,2027-01-04,49
EMP-1018,2027-01-11,58
EMP-1018,2027-01-18,56
EMP-1018,2027-01-25,49
EMP-1018,2027-02-01,51
EMP-1018,2027-02-08,56
EMP-1018,2027-02-15,51
EMP-1018,2027-02-22,57
EMP-1018,2027-03-01,57
EMP-1018,2027-03-08,57
EMP-1018,2027-03-15,53
EMP-1018,2027-03-22,54
EMP-1019,2026-08-31,68
EMP-1019,2026-09-07,68
EMP-1019,2026-09-14,66
EMP-1019,2026-09-21,59
EMP-1019,2026-09-28,65
EMP-1019,2026-10-05,67
EMP-1019,2026-10-12,67
EMP-1019,2026-10-19,60
EMP-1019,2026-10-26,61
EMP-1019,2026-11-02,59
EMP-1019,2026-11-09,60
EMP-1019,2026-11-16,63
EMP-1019,2026-11-23,62
EMP-1019,2026-11-30,67
EMP-1019,2026-12-07,59
EMP-1019,2026-12-14,66
EMP-1019,2026-12-21,64
EMP-1019,2026-12-28,68
EMP-1019,2027-01-04,63
EMP-1019,2027-01-11,63
EMP-1019,2027-01-18,59
EMP-1019,2027-01-25,60
EMP-1019,2027-02-01,63
EMP-1019,2027-02-08,61
EMP-1019,2027-02-15,63
EMP-1019,2027-02-22,60
EMP-1019,2027-03-01,69
EMP-1019,2027-03-08,69
EMP-1019,2027-03-15,61
EMP-1019,2027-03-22,63
EMP-1020,2026-08-31,42
EMP-1020,2026-09-07,43
EMP-1020,2026-09-14,38
EMP-1020,2026-09-21,40
EMP-1020,2026-09-28,40
EMP-1020,2026-10-05,39
EMP-1020,2026-10-12,39
EMP-1020,2026-10-19,41
EMP-1020,2026-10-26,39
EMP-1020,2026-11-02,43
EMP-1020,2026-11-09,41
EMP-1020,2026-11-16,44
EMP-1020,2026-11-23,41
EMP-1020,2026-11-30,36
EMP-1020,2026-12-07,43
EMP-1020,2026-12-14,38
EMP-1020,2026-12-21,39
EMP-1020,2026-12-28,44
EMP-1020,2027-01-04,39
EMP-1020,2027-01-11,42
EMP-1020,2027-01-18,42
EMP-1020,2027-01-25,35
EMP-1020,2027-02-01,35
EMP-1020,2027-02-08,38
EMP-1020,2027-02-15,38
EMP-1020,2027-02-22,39
EMP-1020,2027-03-01,41
EMP-1020,2027-03-08,42
EMP-1020,2027-03-15,42
EMP-1020,2027-03-22,35
EMP-1021,2026-08-31,58
EMP-1021,2026-09-07,66
EMP-1021,2026-09-14,65
EMP-1021,2026-09-21,58
EMP-1021,2026-09-28,60
EMP-1021,2026-10-05,64
EMP-1021,2026-10-12,67
EMP-1021,2026-10-19,67
EMP-1021,2026-10-26,59
EMP-1021,2026-11-02,63
EMP-1021,2026-11-09,63
EMP-1021,2026-11-16,62
EMP-1021,2026-11-23,65
EMP-1021,2026-11-30,62
EMP-1021,2026-12-07,59
EMP-1021,2026-12-14,66
EMP-1021,2026-12-21,67
EMP-1021,2026-12-28,63
EMP-1021,2027-01-04,59
EMP-1021,2027-01-11,64
EMP-1021,2027-01-18,62
EMP-1021,2027-01-25,68
EMP-1021,2027-02-01,64
EMP-1021,2027-02-08,60
EMP-1021,2027-02-15,58
EMP-1021,2027-02-22,62
EMP-1021,2027-03-01,66
EMP-1021,2027-03-08,60
EMP-1021,2027-03-15,67
EMP-1021,2027-03-22,66
EMP-1022,2026-08-31,55
EMP-1022,2026-09-07,55
EMP-1022,2026-09-14,53
EMP-1022,2026-09-21,50
EMP-1022,2026-09-28,55
EMP-1022,2026-10-05,51
EMP-1022,2026-10-12,54
EMP-1022,2026-10-19,51
EMP-1022,2026-10-26,53
EMP-1022,2026-11-02,48
EMP-1022,2026-11-09,55
EMP-1022,2026-11-16,57
EMP-1022,2026-11-23,56
EMP-1022,2026-11-30,48
EMP-1022,2026-12-07,52
EMP-1022,2026-12-14,52
EMP-1022,2026-12-21,49
EMP-1022,2026-12-28,48
EMP-1022,2027-01-04,49
EMP-1022,2027-01-11,50
EMP-1022,2027-01-18,51
EMP-1022,2027-01-25,52
EMP-1022,2027-02-01,54
EMP-1022,2027-02-08,49
EMP-1022,2027-02-15,55
EMP-1022,2027-02-22,55
EMP-1022,2027-03-01,57
EMP-1022,2027-03-08,58
EMP-1022,2027-03-15,50
EMP-1022,2027-03-22,50
EMP-1023,2026-08-31,66
EMP-1023,2026-09-07,68
EMP-1023,2026-09-14,62
EMP-1023,2026-09-21,63
EMP-1023,2026-09-28,61
EMP-1023,2026-10-05,59
EMP-1023,2026-10-12,65
EMP-1023,2026-10-19,60
EMP-1023,2026-10-26,59
EMP-1023,2026-11-02,64
EMP-1023,2026-11-09,68
EMP-1023,2026-11-16,60
EMP-1023,2026-11-23,66
EMP-1023,2026-11-30,62
EMP-1023,2026-12-07,66
EMP-1023,2026-12-14,61
EMP-1023,2026-12-21,64
EMP-1023,2026-12-28,66
EMP-1023,2027-01-04,58
EMP-1023,2027-01-11,64
EMP-1023,2027-01-18,61
EMP-1023,2027-01-25,64
EMP-1023,2027-02-01,64
EMP-1023,2027-02-08,62
EMP-1023,2027-02-15,66
EMP-1023,2027-02-22,64
EMP-1023,2027-03-01,61
EMP-1023,2027-03-08,64
EMP-1023,2027-03-15,66
EMP-1023,2027-03-22,61
EMP-1024,2026-08-31,64
EMP-1024,2026-09-07,64
EMP-1024,2026-09-14,58
EMP-1024,2026-09-21,61
EMP-1024,2026-09-28,59
EMP-1024,2026-10-05,55
EMP-1024,2026-10-12,62
EMP-1024,2026-10-19,63
EMP-1024,2026-10-26,56
EMP-1024,2026-11-02,60
EMP-1024,2026-11-09,58
EMP-1024,2026-11-16,64
EMP-1024,2026-11-23,61
EMP-1024,2026-11-30,57
EMP-1024,2026-12-07,61
EMP-1024,2026-12-14,60
EMP-1024,2026-12-21,54
EMP-1024,2026-12-28,57
EMP-1024,2027-01-04,55
EMP-1024,2027-01-11,56
EMP-1024,2027-01-18,54
EMP-1024,2027-01-25,57
EMP-1024,2027-02-01,55
EMP-1024,2027-02-08,60
EMP-1024,2027-02-15,57
EMP-1024,2027-02-22,63
EMP-1024,2027-03-01,64
EMP-1024,2027-03-08,60
EMP-1024,2027-03-15,64
EMP-1024,2027-03-22,59
EMP-1025,2026-08-31,58
EMP-1025,2026-09-07,65
EMP-1025,2026-09-14,67
EMP-1025,2026-09-21,61
EMP-1025,2026-09-28,61
EMP-1025,2026-10-05,63
EMP-1025,2026-10-12,62
EMP-1025,2026-10-19,61
EMP-1025,2026-10-26,65
EMP-1025,2026-11-02,67
EMP-1025,2026-11-09,58
EMP-1025,2026-11-16,63
EMP-1025,2026-11-23,67
EMP-1025,2026-11-30,60
EMP-1025,2026-12-07,65
EMP-1025,2026-12-14,62
EMP-1025,2026-12-21,62
EMP-1025,2026-12-28,61
EMP-1025,2027-01-04,60
EMP-1025,2027-01-11,65
EMP-1025,2027-01-18,68
EMP-1025,2027-01-25,67
EMP-1025,2027-02-01,61
EMP-1025,2027-02-08,68
EMP-1025,2027-02-15,59
EMP-1025,2027-02-22,59
EMP-1025,2027-03-01,63
EMP-1025,2027-03-08,62
EMP-1025,2027-03-15,63
EMP-1025,2027-03-22,60
EMP-1026,2026-08-31,42
EMP-1026,2026-09-07,41
EMP-1026,2026-09-14,38
EMP-1026,2026-09-21,40
EMP-1026,2026-09-28,39
EMP-1026,2026-10-05,41
EMP-1026,2026-10-12,42
EMP-1026,2026-10-19,38
EMP-1026,2026-10-26,40
EMP-1026,2026-11-02,39
EMP-1026,2026-11-09,43
EMP-1026,2026-11-16,42
EMP-1026,2026-11-23,46
EMP-1026,2026-11-30,39
EMP-1026,2026-12-07,44
EMP-1026,2026-12-14,43
EMP-1026,2026-12-21,37
EMP-1026,2026-12-28,38
EMP-1026,2027-01-04,38
EMP-1026,2027-01-11,36
EMP-1026,2027-01-18,39
EMP-1026,2027-01-25,39
EMP-1026,2027-02-01,43
EMP-1026,2027-02-08,46
EMP-1026,2027-02-15,44
EMP-1026,2027-02-22,41
EMP-1026,2027-03-01,39
EMP-1026,2027-03-08,40
EMP-1026,2027-03-15,42
EMP-1026,2027-03-22,37
EMP-1027,2026-08-31,59
EMP-1027,2026-09-07,58
EMP-1027,2026-09-14,62
EMP-1027,2026-09-21,59
EMP-1027,2026-09-28,59
EMP-1027,2026-10-05,62
EMP-1027,2026-10-12,62
EMP-1027,2026-10-19,62
EMP-1027,2026-10-26,64
EMP-1027,2026-11-02,61
EMP-1027,2026-11-09,58
EMP-1027,2026-11-16,62
EMP-1027,2026-11-23,61
EMP-1027,2026-11-30,65
EMP-1027,2026-12-07,62
EMP-1027,2026-12-14,60
EMP-1027,2026-12-21,61
EMP-1027,2026-12-28,60
EMP-1027,2027-01-04,62
EMP-1027,2027-01-11,64
EMP-1027,2027-01-18,58
EMP-1027,2027-01-25,56
EMP-1027,2027-02-01,63
EMP-1027,2027-02-08,60
EMP-1027,2027-02-15,58
EMP-1027,2027-02-22,63
EMP-1027,2027-03-01,62
EMP-1027,2027-03-08,56
EMP-1027,2027-03-15,62
EMP-1027,2027-03-22,65
EMP-1028,2026-08-31,54
EMP-1028,2026-09-07,62
EMP-1028,2026-09-14,54
EMP-1028,2026-09-21,53
EMP-1028,2026-09-28,56
EMP-1028,2026-10-05,53
EMP-1028,2026-10-12,54
EMP-1028,2026-10-19,59
EMP-1028,2026-10-26,55
EMP-1028,2026-11-02,55
EMP-1028,2026-11-09,58
EMP-1028,2026-11-16,61
EMP-1028,2026-11-23,60
EMP-1028,2026-11-30,57
EMP-1028,2026-12-07,52
EMP-1028,2026-12-14,59
EMP-1028,2026-12-21,55
EMP-1028,2026-12-28,59
EMP-1028,2027-01-04,54
EMP-1028,2027-01-11,52
EMP-1028,2027-01-18,60
EMP-1028,2027-01-25,60
EMP-1028,2027-02-01,52
EMP-1028,2027-02-08,59
EMP-1028,2027-02-15,58
EMP-1028,2027-02-22,55
EMP-1028,2027-03-01,57
EMP-1028,2027-03-08,57
EMP-1028,2027-03-15,53
EMP-1028,2027-03-22,57
EMP-1029,2026-08-31,56
EMP-1029,2026-09-07,58
EMP-1029,2026-09-14,63
EMP-1029,2026-09-21,62
EMP-1029,2026-09-28,60
EMP-1029,2026-10-05,61
EMP-1029,2026-10-12,58
EMP-1029,2026-10-19,62
EMP-1029,2026-10-26,54
EMP-1029,2026-11-02,56
EMP-1029,2026-11-09,55
EMP-1029,2026-11-16,56
EMP-1029,2026-11-23,57
EMP-1029,2026-11-30,56
EMP-1029,2026-12-07,56
EMP-1029,2026-12-14,64
EMP-1029,2026-12-21,59
EMP-1029,2026-12-28,61
EMP-1029,2027-01-04,62
EMP-1029,2027-01-11,56
EMP-1029,2027-01-18,59
EMP-1029,2027-01-25,55
EMP-1029,2027-02-01,56
EMP-1029,2027-02-08,63
EMP-1029,2027-02-15,62
EMP-1029,2027-02-22,58
EMP-1029,2027-03-01,54
EMP-1029,2027-03-08,61
EMP-1029,2027-03-15,58
EMP-1029,2027-03-22,57
EMP-1030,2026-08-31,45
EMP-1030,2026-09-07,45
EMP-1030,2026-09-14,37
EMP-1030,2026-09-21,37
EMP-1030,2026-09-28,38
EMP-1030,2026-10-05,39
EMP-1030,2026-10-12,41
EMP-1030,2026-10-19,40
EMP-1030,2026-10-26,41
EMP-1030,2026-11-02,41
EMP-1030,2026-11-09,36
EMP-1030,2026-11-16,43
EMP-1030,2026-11-23,37
EMP-1030,2026-11-30,46
EMP-1030,2026-12-07,44
EMP-1030,2026-12-14,46
EMP-1030,2026-12-21,38
EMP-1030,2026-12-28,41
EMP-1030,2027-01-04,37
EMP-1030,2027-01-11,42
EMP-1030,2027-01-18,37
EMP-1030,2027-01-25,39
EMP-1030,2027-02-01,36
EMP-1030,2027-02-08,44
EMP-1030,2027-02-15,44
EMP-1030,2027-02-22,42
EMP-1030,2027-03-01,44
EMP-1030,2027-03-08,45
EMP-1030,2027-03-15,41
EMP-1030,2027-03-22,38
EMP-1031,2026-08-31,70
EMP-1031,2026-09-07,66
EMP-1031,2026-09-14,66
EMP-1031,2026-09-21,67
EMP-1031,2026-09-28,69
EMP-1031,2026-10-05,70
EMP-1031,2026-10-12,70
EMP-1031,2026-10-19,68
EMP-1031,2026-10-26,63
EMP-1031,2026-11-02,70
EMP-1031,2026-11-09,70
EMP-1031,2026-11-16,68
EMP-1031,2026-11-23,64
EMP-1031,2026-11-30,63
EMP-1031,2026-12-07,61
EMP-1031,2026-12-14,69
EMP-1031,2026-12-21,61
EMP-1031,2026-12-28,61
EMP-1031,2027-01-04,62
EMP-1031,2027-01-11,61
EMP-1031,2027-01-18,65
EMP-1031,2027-01-25,66
EMP-1031,2027-02-01,64
EMP-1031,2027-02-08,64
EMP-1031,2027-02-15,61
EMP-1031,2027-02-22,61
EMP-1031,2027-03-01,70
EMP-1031,2027-03-08,63
EMP-1031,2027-03-15,62
EMP-1031,2027-03-22,69
EMP-1032,2026-08-31,40
EMP-1032,2026-09-07,40
EMP-1032,2026-09-14,34
EMP-1032,2026-09-21,38
EMP-1032,2026-09-28,32
EMP-1032,2026-10-05,41
EMP-1032,2026-10-12,39
EMP-1032,2026-10-19,41
EMP-1032,2026-10-26,41
EMP-1032,2026-11-02,38
EMP-1032,2026-11-09,34
EMP-1032,2026-11-16,37
EMP-1032,2026-11-23,36
EMP-1032,2026-11-30,32
EMP-1032,2026-12-07,41
EMP-1032,2026-12-14,36
EMP-1032,2026-12-21,35
EMP-1032,2026-12-28,32
EMP-1032,2027-01-04,39
EMP-1032,2027-01-11,32
EMP-1032,2027-01-18,38
EMP-1032,2027-01-25,39
EMP-1032,2027-02-01,33
EMP-1032,2027-02-08,39
EMP-1032,2027-02-15,34
EMP-1032,2027-02-22,42
EMP-1032,2027-03-01,38
EMP-1032,2027-03-08,40
EMP-1032,2027-03-15,39
EMP-1032,2027-03-22,39
EMP-1033,2026-08-31,44
EMP-1033,2026-09-07,50
EMP-1033,2026-09-14,40
EMP-1033,2026-09-21,50
EMP-1033,2026-09-28,49
EMP-1033,2026-10-05,47
EMP-1033,2026-10-12,44
EMP-1033,2026-10-19,48
EMP-1033,2026-10-26,41
EMP-1033,2026-11-02,42
EMP-1033,2026-11-09,46
EMP-1033,2026-11-16,45
EMP-1033,2026-11-23,50
EMP-1033,2026-11-30,46
EMP-1033,2026-12-07,44
EMP-1033,2026-12-14,40
EMP-1033,2026-12-21,48
EMP-1033,2026-12-28,45
EMP-1033,2027-01-04,50
EMP-1033,2027-01-11,41
EMP-1033,2027-01-18,50
EMP-1033,2027-01-25,50
EMP-1033,2027-02-01,44
EMP-1033,2027-02-08,44
EMP-1033,2027-02-15,49
EMP-1033,2027-02-22,46
EMP-1033,2027-03-01,42
EMP-1033,2027-03-08,44
EMP-1033,2027-03-15,46
EMP-1033,2027-03-22,44
EMP-1034,2026-08-31,59
EMP-1034,2026-09-07,58
EMP-1034,2026-09-14,59
EMP-1034,2026-09-21,61
EMP-1034,2026-09-28,62
EMP-1034,2026-10-05,55
EMP-1034,2026-10-12,60
EMP-1034,2026-10-19,55
EMP-1034,2026-10-26,58
EMP-1034,2026-11-02,58
EMP-1034,2026-11-09,55
EMP-1034,2026-11-16,62
EMP-1034,2026-11-23,56
EMP-1034,2026-11-30,59
EMP-1034,2026-12-07,61
EMP-1034,2026-12-14,59
EMP-1034,2026-12-21,55
EMP-1034,2026-12-28,62
EMP-1034,2027-01-04,63
EMP-1034,2027-01-11,62
EMP-1034,2027-01-18,63
EMP-1034,2027-01-25,57
EMP-1034,2027-02-01,62
EMP-1034,2027-02-08,58
EMP-1034,2027-02-15,63
EMP-1034,2027-02-22,64
EMP-1034,2027-03-01,57
EMP-1034,2027-03-08,57
EMP-1034,2027-03-15,57
EMP-1034,2027-03-22,64
EMP-1035,2026-08-31,64
EMP-1035,2026-09-07,63
EMP-1035,2026-09-14,65
EMP-1035,2026-09-21,63
EMP-1035,2026-09-28,64
EMP-1035,2026-10-05,60
EMP-1035,2026-10-12,59
EMP-1035,2026-10-19,59
EMP-1035,2026-10-26,62
EMP-1035,2026-11-02,65
EMP-1035,2026-11-09,66
EMP-1035,2026-11-16,64
EMP-1035,2026-11-23,66
EMP-1035,2026-11-30,63
EMP-1035,2026-12-07,67
EMP-1035,2026-12-14,60
EMP-1035,2026-12-21,66
EMP-1035,2026-12-28,62
EMP-1035,2027-01-04,64
EMP-1035,2027-01-11,61
EMP-1035,2027-01-18,64
EMP-1035,2027-01-25,62
EMP-1035,2027-02-01,61
EMP-1035,2027-02-08,67
EMP-1035,2027-02-15,64
EMP-1035,2027-02-22,63
EMP-1035,2027-03-01,57
EMP-1035,2027-03-08,65
EMP-1035,2027-03-15,59
EMP-1035,2027-03-22,60
EMP-1036,2026-08-31,45
EMP-1036,2026-09-07,45
EMP-1036,2026-09-14,44
EMP-1036,2026-09-21,38
EMP-1036,2026-09-28,42
EMP-1036,2026-10-05,41
EMP-1036,2026-10-12,40
EMP-1036,2026-10-19,39
EMP-1036,2026-10-26,43
EMP-1036,2026-11-02,35
EMP-1036,2026-11-09,41
EMP-1036,2026-11-16,39
EMP-1036,2026-11-23,35
EMP-1036,2026-11-30,43
EMP-1036,2026-12-07,39
EMP-1036,2026-12-14,38
EMP-1036,2026-12-21,43
EMP-1036,2026-12-28,45
EMP-1036,2027-01-04,44
EMP-1036,2027-01-11,40
EMP-1036,2027-01-18,40
EMP-1036,2027-01-25,36
EMP-1036,2027-02-01,38
EMP-1036,2027-02-08,45
EMP-1036,2027-02-15,37
EMP-1036,2027-02-22,40
EMP-1036,2027-03-01,38
EMP-1036,2027-03-08,41
EMP-1036,2027-03-15,45
EMP-1036,2027-03-22,43
EMP-1037,2026-08-31,70
EMP-1037,2026-09-07,67
EMP-1037,2026-09-14,61
EMP-1037,2026-09-21,70
EMP-1037,2026-09-28,66
EMP-1037,2026-10-05,68
EMP-1037,2026-10-12,67
EMP-1037,2026-10-19,70
EMP-1037,2026-10-26,67
EMP-1037,2026-11-02,61
EMP-1037,2026-11-09,66
EMP-1037,2026-11-16,62
EMP-1037,2026-11-23,61
EMP-1037,2026-11-30,70
EMP-1037,2026-12-07,68
EMP-1037,2026-12-14,66
EMP-1037,2026-12-21,70
EMP-1037,2026-12-28,64
EMP-1037,2027-01-04,63
EMP-1037,2027-01-11,62
EMP-1037,2027-01-18,64
EMP-1037,2027-01-25,64
EMP-1037,2027-02-01,67
EMP-1037,2027-02-08,65
EMP-1037,2027-02-15,69
EMP-1037,2027-02-22,67
EMP-1037,2027-03-01,66
EMP-1037,2027-03-08,69
EMP-1037,2027-03-15,65
EMP-1037,2027-03-22,69
EMP-1038,2026-08-31,31
EMP-1038,2026-09-07,35
EMP-1038,2026-09-14,37
EMP-1038,2026-09-21,35
EMP-1038,2026-09-28,31
EMP-1038,2026-10-05,41
EMP-1038,2026-10-12,37
EMP-1038,2026-10-19,32
EMP-1038,2026-10-26,35
EMP-1038,2026-11-02,36
EMP-1038,2026-11-09,40
EMP-1038,2026-11-16,31
EMP-1038,2026-11-23,36
EMP-1038,2026-11-30,34
EMP-1038,2026-12-07,38
EMP-1038,2026-12-14,33
EMP-1038,2026-12-21,35
EMP-1038,2026-12-28,40
EMP-1038,2027-01-04,33
EMP-1038,2027-01-11,38
EMP-1038,2027-01-18,38
EMP-1038,2027-01-25,34
EMP-1038,2027-02-01,34
EMP-1038,2027-02-08,41
EMP-1038,2027-02-15,35
EMP-1038,2027-02-22,32
EMP-1038,2027-03-01,34
EMP-1038,2027-03-08,37
EMP-1038,2027-03-15,36
EMP-1038,2027-03-22,41
EMP-1039,2026-08-31,55
EMP-1039,2026-09-07,54
EMP-1039,2026-09-14,57
EMP-1039,2026-09-21,61
EMP-1039,2026-09-28,55
EMP-1039,2026-10-05,56
EMP-1039,2026-10-12,53
EMP-1039,2026-10-19,61
EMP-1039,2026-10-26,61
EMP-1039,2026-11-02,57
EMP-1039,2026-11-09,52
EMP-1039,2026-11-16,52
EMP-1039,2026-11-23,57
EMP-1039,2026-11-30,61
EMP-1039,2026-12-07,53
EMP-1039,2026-12-14,55
EMP-1039,2026-12-21,60
EMP-1039,2026-12-28,58
EMP-1039,2027-01-04,53
EMP-1039,2027-01-11,55
EMP-1039,2027-01-18,52
EMP-1039,2027-01-25,58
EMP-1039,2027-02-01,62
EMP-1039,2027-02-08,52
EMP-1039,2027-02-15,60
EMP-1039,2027-02-22,56
EMP-1039,2027-03-01,54
EMP-1039,2027-03-08,62
EMP-1039,2027-03-15,60
EMP-1039,2027-03-22,54
EMP-1040,2026-08-31,64
EMP-1040,2026-09-07,56
EMP-1040,2026-09-14,55
EMP-1040,2026-09-21,57
EMP-1040,2026-09-28,56
EMP-1040,2026-10-05,60
EMP-1040,2026-10-12,58
EMP-1040,2026-10-19,63
EMP-1040,2026-10-26,62
EMP-1040,2026-11-02,54
EMP-1040,2026-11-09,57
EMP-1040,2026-11-16,62
EMP-1040,2026-11-23,63
EMP-1040,2026-11-30,62
EMP-1040,2026-12-07,61
EMP-1040,2026-12-14,63
EMP-1040,2026-12-21,62
EMP-1040,2026-12-28,59
EMP-1040,2027-01-04,54
EMP-1040,2027-01-11,54
EMP-1040,2027-01-18,58
EMP-1040,2027-01-25,54
EMP-1040,2027-02-01,54
EMP-1040,2027-02-08,55
EMP-1040,2027-02-15,56
EMP-1040,2027-02-22,58
EMP-1040,2027-03-01,62
EMP-1040,2027-03-08,54
EMP-1040,2027-03-15,54
EMP-1040,2027-03-22,58
EMP-1041,2026-08-31,57
EMP-1041,2026-09-07,60
EMP-1041,2026-09-14,61
EMP-1041,2026-09-21,54
EMP-1041,2026-09-28,56
EMP-1041,2026-10-05,54
EMP-1041,2026-10-12,63
EMP-1041,2026-10-19,55
EMP-1041,2026-10-26,56
EMP-1041,2026-11-02,58
EMP-1041,2026-11-09,53
EMP-1041,2026-11-16,61
EMP-1041,2026-11-23,58
EMP-1041,2026-11-30,59
EMP-1041,2026-12-07,57
EMP-1041,2026-12-14,56
EMP-1041,2026-12-21,60
EMP-1041,2026-12-28,61
EMP-1041,2027-01-04,56
EMP-1041,2027-01-11,60
EMP-1041,2027-01-18,55
EMP-1041,2027-01-25,61
EMP-1041,2027-02-01,61
EMP-1041,2027-02-08,53
EMP-1041,2027-02-15,54
EMP-1041,2027-02-22,58
EMP-1041,2027-03-01,53
EMP-1041,2027-03-08,53
EMP-1041,2027-03-15,53
EMP-1041,2027-03-22,54
EMP-1042,2026-08-31,52
EMP-1042,2026-09-07,50
EMP-1042,2026-09-14,52
EMP-1042,2026-09-21,55
EMP-1042,2026-09-28,49
EMP-1042,2026-10-05,52
EMP-1042,2026-10-12,49
EMP-1042,2026-10-19,48
EMP-1042,2026-10-26,47
EMP-1042,2026-11-02,50
EMP-1042,2026-11-09,49
EMP-1042,2026-11-16,57
EMP-1042,2026-11-23,47
EMP-1042,2026-11-30,52
EMP-1042,2026-12-07,55
EMP-1042,2026-12-14,54
EMP-1042,2026-12-21,53
EMP-1042,2026-12-28,55
EMP-1042,2027-01-04,48
EMP-1042,2027-01-11,49
EMP-1042,2027-01-18,52
EMP-1042,2027-01-25,54
EMP-1042,2027-02-01,53
EMP-1042,2027-02-08,50
EMP-1042,2027-02-15,50
EMP-1042,2027-02-22,53
EMP-1042,2027-03-01,53
EMP-1042,2027-03-08,51
EMP-1042,2027-03-15,48
EMP-1042,2027-03-22,49
EMP-1043,2026-08-31,68
EMP-1043,2026-09-07,62
EMP-1043,2026-09-14,68
EMP-1043,2026-09-21,63
EMP-1043,2026-09-28,68
EMP-1043,2026-10-05,61
EMP-1043,2026-10-12,59
EMP-1043,2026-10-19,66
EMP-1043,2026-10-26,64
EMP-1043,2026-11-02,61
EMP-1043,2026-11-09,62
EMP-1043,2026-11-16,68
EMP-1043,2026-11-23,59
EMP-1043,2026-11-30,64
EMP-1043,2026-12-07,68
EMP-1043,2026-12-14,66
EMP-1043,2026-12-21,68
EMP-1043,2026-12-28,58
EMP-1043,2027-01-04,60
EMP-1043,2027-01-11,58
EMP-1043,2027-01-18,67
EMP-1043,2027-01-25,68
EMP-1043,2027-02-01,68
EMP-1043,2027-02-08,64
EMP-1043,2027-02-15,63
EMP-1043,2027-02-22,58
EMP-1043,2027-03-01,58
EMP-1043,2027-03-08,66
EMP-1043,2027-03-15,59
EMP-1043,2027-03-22,59
EMP-1044,2026-08-31,56
EMP-1044,2026-09-07,51
EMP-1044,2026-09-14,57
EMP-1044,2026-09-21,52
EMP-1044,2026-09-28,58
EMP-1044,2026-10-05,55
EMP-1044,2026-10-12,60
EMP-1044,2026-10-19,53
EMP-1044,2026-10-26,53
EMP-1044,2026-11-02,59
EMP-1044,2026-11-09,56
EMP-1044,2026-11-16,61
EMP-1044,2026-11-23,51
EMP-1044,2026-11-30,52
EMP-1044,2026-12-07,61
EMP-1044,2026-12-14,57
EMP-1044,2026-12-21,56
EMP-1044,2026-12-28,55
EMP-1044,2027-01-04,54
EMP-1044,2027-01-11,56
EMP-1044,2027-01-18,59
EMP-1044,2027-01-25,51
EMP-1044,2027-02-01,56
EMP-1044,2027-02-08,61
EMP-1044,2027-02-15,54
EMP-1044,2027-02-22,57
EMP-1044,2027-03-01,56
EMP-1044,2027-03-08,56
EMP-1044,2027-03-15,54
EMP-1044,2027-03-22,61
EMP-1045,2026-08-31,49
EMP-1045,2026-09-07,53
EMP-1045,2026-09-14,58
EMP-1045,2026-09-21,57
EMP-1045,2026-09-28,51
EMP-1045,2026-10-05,51
EMP-1045,2026-10-12,52
EMP-1045,2026-10-19,52
EMP-1045,2026-10-26,56
EMP-1045,2026-11-02,49
EMP-1045,2026-11-09,52
EMP-1045,2026-11-16,50
EMP-1045,2026-11-23,58
EMP-1045,2026-11-30,52
EMP-1045,2026-12-07,52
EMP-1045,2026-12-14,56
EMP-1045,2026-12-21,56
EMP-1045,2026-12-28,50
EMP-1045,2027-01-04,59
EMP-1045,2027-01-11,58
EMP-1045,2027-01-18,49
EMP-1045,2027-01-25,53
EMP-1045,2027-02-01,53
EMP-1045,2027-02-08,52
EMP-1045,2027-02-15,52
EMP-1045,2027-02-22,57
EMP-1045,2027-03-01,50
EMP-1045,2027-03-08,51
EMP-1045,2027-03-15,52
EMP-1045,2027-03-22,50
EMP-1046,2026-08-31,59
EMP-1046,2026-09-07,62
EMP-1046,2026-09-14,68
EMP-1046,2026-09-21,59
EMP-1046,2026-09-28,68
EMP-1046,2026-10-05,68
EMP-1046,2026-10-12,68
EMP-1046,2026-10-19,61
EMP-1046,2026-10-26,62
EMP-1046,2026-11-02,61
EMP-1046,2026-11-09,59
EMP-1046,2026-11-16,64
EMP-1046,2026-11-23,59
EMP-1046,2026-11-30,63
EMP-1046,2026-12-07,63
EMP-1046,2026-12-14,63
EMP-1046,2026-12-21,67
EMP-1046,2026-12-28,65
EMP-1046,2027-01-04,62
EMP-1046,2027-01-11,62
EMP-1046,2027-01-18,66
EMP-1046,2027-01-25,61
EMP-1046,2027-02-01,63
EMP-1046,2027-02-08,59
EMP-1046,2027-02-15,65
EMP-1046,2027-02-22,63
EMP-1046,2027-03-01,60
EMP-1046,2027-03-08,66
EMP-1046,2027-03-15,62
EMP-1046,2027-03-22,63
EMP-1047,2026-08-31,54
EMP-1047,2026-09-07,58
EMP-1047,2026-09-14,58
EMP-1047,2026-09-21,56
EMP-1047,2026-09-28,60
EMP-1047,2026-10-05,59
EMP-1047,2026-10-12,57
EMP-1047,2026-10-19,54
EMP-1047,2026-10-26,54
EMP-1047,2026-11-02,55
EMP-1047,2026-11-09,62
EMP-1047,2026-11-16,55
EMP-1047,2026-11-23,62
EMP-1047,2026-11-30,62
EMP-1047,2026-12-07,56
EMP-1047,2026-12-14,59
EMP-1047,2026-12-21,56
EMP-1047,2026-12-28,56
EMP-1047,2027-01-04,62
EMP-1047,2027-01-11,59
EMP-1047,2027-01-18,53
EMP-1047,2027-01-25,57
EMP-1047,2027-02-01,53
EMP-1047,2027-02-08,52
EMP-1047,2027-02-15,55
EMP-1047,2027-02-22,61
EMP-1047,2027-03-01,58
EMP-1047,2027-03-08,54
EMP-1047,2027-03-15,61
EMP-1047,2027-03-22,58
EMP-1048,2026-08-31,39
EMP-1048,2026-09-07,38
EMP-1048,2026-09-14,34
EMP-1048,2026-09-21,36
EMP-1048,2026-09-28,38
EMP-1048,2026-10-05,38
EMP-1048,2026-10-12,33
EMP-1048,2026-10-19,34
EMP-1048,2026-10-26,41
EMP-1048,2026-11-02,33
EMP-1048,2026-11-09,37
EMP-1048,2026-11-16,38
EMP-1048,2026-11-23,35
EMP-1048,2026-11-30,39
EMP-1048,2026-12-07,39
EMP-1048,2026-12-14,34
EMP-1048,2026-12-21,37
EMP-1048,2026-12-28,41
EMP-1048,2027-01-04,42
EMP-1048,2027-01-11,35
EMP-1048,2027-01-18,42
EMP-1048,2027-01-25,35
EMP-1048,2027-02-01,36
EMP-1048,2027-02-08,40
EMP-1048,2027-02-15,38
EMP-1048,2027-02-22,34
EMP-1048,2027-03-01,42
EMP-1048,2027-03-08,42
EMP-1048,2027-03-15,43
EMP-1048,2027-03-22,42
EMP-1049,2026-08-31,47
EMP-1049,2026-09-07,40
EMP-1049,2026-09-14,45
EMP-1049,2026-09-21,49
EMP-1049,2026-09-28,50
EMP-1049,2026-10-05,42
EMP-1049,2026-10-12,48
EMP-1049,2026-10-19,42
EMP-1049,2026-10-26,46
EMP-1049,2026-11-02,50
EMP-1049,2026-11-09,42
EMP-1049,2026-11-16,49
EMP-1049,2026-11-23,45
EMP-1049,2026-11-30,49
EMP-1049,2026-12-07,50
EMP-1049,2026-12-14,40
EMP-1049,2026-12-21,43
EMP-1049,2026-12-28,50
EMP-1049,2027-01-04,42
EMP-1049,2027-01-11,48
EMP-1049,2027-01-18,50
EMP-1049,2027-01-25,50
EMP-1049,2027-02-01,41
EMP-1049,2027-02-08,49
EMP-1049,2027-02-15,46
EMP-1049,2027-02-22,43
EMP-1049,2027-03-01,44
EMP-1049,2027-03-08,43
EMP-1049,2027-03-15,47
EMP-1049,2027-03-22,46
EMP-1050,2026-08-31,68
EMP-1050,2026-09-07,62
EMP-1050,2026-09-14,65
EMP-1050,2026-09-21,68
EMP-1050,2026-09-28,60
EMP-1050,2026-10-05,61
EMP-1050,2026-10-12,58
EMP-1050,2026-10-19,64
EMP-1050,2026-10-26,60
EMP-1050,2026-11-02,58
EMP-1050,2026-11-09,63
EMP-1050,2026-11-16,67
EMP-1050,2026-11-23,64
EMP-1050,2026-11-30,62
EMP-1050,2026-12-07,61
EMP-1050,2026-12-14,58
EMP-1050,2026-12-21,68
EMP-1050,2026-12-28,68
EMP-1050,2027-01-04,64
EMP-1050,2027-01-11,60
EMP-1050,2027-01-18,65
EMP-1050,2027-01-25,59
EMP-1050,2027-02-01,64
EMP-1050,2027-02-08,67
EMP-1050,2027-02-15,64
EMP-1050,2027-02-22,59
EMP-1050,2027-03-01,62
EMP-1050,2027-03-08,61
EMP-1050,2027-03-15,62
EMP-1050,2027-03-22,65
EMP-1051,2026-08-31,62
EMP-1051,2026-09-07,60
EMP-1051,2026-09-14,59
EMP-1051,2026-09-21,61
EMP-1051,2026-09-28,58
EMP-1051,2026-10-05,64
EMP-1051,2026-10-12,66
EMP-1051,2026-10-19,68
EMP-1051,2026-10-26,59
EMP-1051,2026-11-02,65
EMP-1051,2026-11-09,64
EMP-1051,2026-11-16,67
EMP-1051,2026-11-23,63
EMP-1051,2026-11-30,59
EMP-1051,2026-12-07,65
EMP-1051,2026-12-14,58
EMP-1051,2026-12-21,65
EMP-1051,2026-12-28,67
EMP-1051,2027-01-04,58
EMP-1051,2027-01-11,60
EMP-1051,2027-01-18,64
EMP-1051,2027-01-25,68
EMP-1051,2027-02-01,64
EMP-1051,2027-02-08,68
EMP-1051,2027-02-15,63
EMP-1051,2027-02-22,68
EMP-1051,2027-03-01,61
EMP-1051,2027-03-08,61
EMP-1051,2027-03-15,67
EMP-1051,2027-03-22,58
EMP-1052,2026-08-31,57
EMP-1052,2026-09-07,56
EMP-1052,2026-09-14,51
EMP-1052,2026-09-21,53
EMP-1052,2026-09-28,56
EMP-1052,2026-10-05,57
EMP-1052,2026-10-12,49
EMP-1052,2026-10-19,48
EMP-1052,2026-10-26,53
EMP-1052,2026-11-02,55
EMP-1052,2026-11-09,56
EMP-1052,2026-11-16,51
EMP-1052,2026-11-23,52
EMP-1052,2026-11-30,53
EMP-1052,2026-12-07,57
EMP-1052,2026-12-14,56
EMP-1052,2026-12-21,55
EMP-1052,2026-12-28,52
EMP-1052,2027-01-04,53
EMP-1052,2027-01-11,57
EMP-1052,2027-01-18,51
EMP-1052,2027-01-25,55
EMP-1052,2027-02-01,57
EMP-1052,2027-02-08,47
EMP-1052,2027-02-15,54
EMP-1052,2027-02-22,51
EMP-1052,2027-03-01,52
EMP-1052,2027-03-08,52
EMP-1052,2027-03-15,55
EMP-1052,2027-03-22,52
EMP-1053,2026-08-31,46
EMP-1053,2026-09-07,42
EMP-1053,2026-09-14,46
EMP-1053,2026-09-21,39
EMP-1053,2026-09-28,45
EMP-1053,2026-10-05,36
EMP-1053,2026-10-12,36
EMP-1053,2026-10-19,43
EMP-1053,2026-10-26,41
EMP-1053,2026-11-02,42
EMP-1053,2026-11-09,46
EMP-1053,2026-11-16,46
EMP-1053,2026-11-23,36
EMP-1053,2026-11-30,41
EMP-1053,2026-12-07,41
EMP-1053,2026-12-14,37
EMP-1053,2026-12-21,43
EMP-1053,2026-12-28,37
EMP-1053,2027-01-04,44
EMP-1053,2027-01-11,38
EMP-1053,2027-01-18,45
EMP-1053,2027-01-25,44
EMP-1053,2027-02-01,37
EMP-1053,2027-02-08,45
EMP-1053,2027-02-15,45
EMP-1053,2027-02-22,40
EMP-1053,2027-03-01,40
EMP-1053,2027-03-08,37
EMP-1053,2027-03-15,43
EMP-1053,2027-03-22,40
EMP-1054,2026-08-31,46
EMP-1054,2026-09-07,49
EMP-1054,2026-09-14,46
EMP-1054,2026-09-21,44
EMP-1054,2026-09-28,44
EMP-1054,2026-10-05,46
EMP-1054,2026-10-12,45
EMP-1054,2026-10-19,41
EMP-1054,2026-10-26,43
EMP-1054,2026-11-02,44
EMP-1054,2026-11-09,46
EMP-1054,2026-11-16,47
EMP-1054,2026-11-23,46
EMP-1054,2026-11-30,44
EMP-1054,2026-12-07,41
EMP-1054,2026-12-14,46
EMP-1054,2026-12-21,43
EMP-1054,2026-12-28,45
EMP-1054,2027-01-04,46
EMP-1054,2027-01-11,41
EMP-1054,2027-01-18,49
EMP-1054,2027-01-25,43
EMP-1054,2027-02-01,44
EMP-1054,2027-02-08,45
EMP-1054,2027-02-15,39
EMP-1054,2027-02-22,41
EMP-1054,2027-03-01,41
EMP-1054,2027-03-08,40
EMP-1054,2027-03-15,42
EMP-1054,2027-03-22,42
EMP-1055,2026-08-31,43
EMP-1055,2026-09-07,36
EMP-1055,2026-09-14,45
EMP-1055,2026-09-21,44
EMP-1055,2026-09-28,39
EMP-1055,2026-10-05,36
EMP-1055,2026-10-12,46
EMP-1055,2026-10-19,43
EMP-1055,2026-10-26,41
EMP-1055,2026-11-02,45
EMP-1055,2026-11-09,46
EMP-1055,2026-11-16,44
EMP-1055,2026-11-23,40
EMP-1055,2026-11-30,41
EMP-1055,2026-12-07,37
EMP-1055,2026-12-14,39
EMP-1055,2026-12-21,42
EMP-1055,2026-12-28,37
EMP-1055,2027-01-04,37
EMP-1055,2027-01-11,38
EMP-1055,2027-01-18,37
EMP-1055,2027-01-25,42
EMP-1055,2027-02-01,46
EMP-1055,2027-02-08,42
EMP-1055,2027-02-15,40
EMP-1055,2027-02-22,45
EMP-1055,2027-03-01,39
EMP-1055,2027-03-08,38
EMP-1055,2027-03-15,42
EMP-1055,2027-03-22,44
EMP-1056,2026-08-31,33
EMP-1056,2026-09-07,40
EMP-1056,2026-09-14,39
EMP-1056,2026-09-21,37
EMP-1056,2026-09-28,33
EMP-1056,2026-10-05,41
EMP-1056,2026-10-12,32
EMP-1056,2026-10-19,34
EMP-1056,2026-10-26,33
EMP-1056,2026-11-02,33
EMP-1056,2026-11-09,39
EMP-1056,2026-11-16,32
EMP-1056,2026-11-23,35
EMP-1056,2026-11-30,32
EMP-1056,2026-12-07,36
EMP-1056,2026-12-14,40
EMP-1056,2026-12-21,41
EMP-1056,2026-12-28,40
EMP-1056,2027-01-04,37
EMP-1056,2027-01-11,40
EMP-1056,2027-01-18,33
EMP-1056,2027-01-25,35
EMP-1056,2027-02-01,41
EMP-1056,2027-02-08,34
EMP-1056,2027-02-15,36
EMP-1056,2027-02-22,35
EMP-1056,2027-03-01,41
EMP-1056,2027-03-08,37
EMP-1056,2027-03-15,33
EMP-1056,2027-03-22,35
EMP-1057,2026-08-31,50
EMP-1057,2026-09-07,57
EMP-1057,2026-09-14,53
EMP-1057,2026-09-21,51
EMP-1057,2026-09-28,54
EMP-1057,2026-10-05,56
EMP-1057,2026-10-12,59
EMP-1057,2026-10-19,52
EMP-1057,2026-10-26,58
EMP-1057,2026-11-02,57
EMP-1057,2026-11-09,58
EMP-1057,2026-11-16,58
EMP-1057,2026-11-23,60
EMP-1057,2026-11-30,54
EMP-1057,2026-12-07,55
EMP-1057,2026-12-14,58
EMP-1057,2026-12-21,59
EMP-1057,2026-12-28,57
EMP-1057,2027-01-04,60
EMP-1057,2027-01-11,52
EMP-1057,2027-01-18,54
EMP-1057,2027-01-25,59
EMP-1057,2027-02-01,58
EMP-1057,2027-02-08,58
EMP-1057,2027-02-15,51
EMP-1057,2027-02-22,54
EMP-1057,2027-03-01,57
EMP-1057,2027-03-08,59
EMP-1057,2027-03-15,57
EMP-1057,2027-03-22,51
EMP-1058,2026-08-31,60
EMP-1058,2026-09-07,68
EMP-1058,2026-09-14,69
EMP-1058,2026-09-21,60
EMP-1058,2026-09-28,66
EMP-1058,2026-10-05,65
EMP-1058,2026-10-12,63
EMP-1058,2026-10-19,66
EMP-1058,2026-10-26,61
EMP-1058,2026-11-02,65
EMP-1058,2026-11-09,65
EMP-1058,2026-11-16,69
EMP-1058,2026-11-23,68
EMP-1058,2026-11-30,60
EMP-1058,2026-12-07,70
EMP-1058,2026-12-14,70
EMP-1058,2026-12-21,61
EMP-1058,2026-12-28,69
EMP-1058,2027-01-04,64
EMP-1058,2027-01-11,61
EMP-1058,2027-01-18,69
EMP-1058,2027-01-25,60
EMP-1058,2027-02-01,65
EMP-1058,2027-02-08,64
EMP-1058,2027-02-15,64
EMP-1058,2027-02-22,61
EMP-1058,2027-03-01,65
EMP-1058,2027-03-08,66
EMP-1058,2027-03-15,61
EMP-1058,2027-03-22,69
EMP-1059,2026-08-31,62
EMP-1059,2026-09-07,58
EMP-1059,2026-09-14,58
EMP-1059,2026-09-21,65
EMP-1059,2026-09-28,63
EMP-1059,2026-10-05,64
EMP-1059,2026-10-12,60
EMP-1059,2026-10-19,65
EMP-1059,2026-10-26,59
EMP-1059,2026-11-02,58
EMP-1059,2026-11-09,64
EMP-1059,2026-11-16,65
EMP-1059,2026-11-23,57
EMP-1059,2026-11-30,65
EMP-1059,2026-12-07,58
EMP-1059,2026-12-14,58
EMP-1059,2026-12-21,64
EMP-1059,2026-12-28,57
EMP-1059,2027-01-04,64
EMP-1059,2027-01-11,58
EMP-1059,2027-01-18,55
EMP-1059,2027-01-25,63
EMP-1059,2027-02-01,56
EMP-1059,2027-02-08,63
EMP-1059,2027-02-15,62
EMP-1059,2027-02-22,57
EMP-1059,2027-03-01,60
EMP-1059,2027-03-08,55
EMP-1059,2027-03-15,60
EMP-1059,2027-03-22,58
EMP-1060,2026-08-31,59
EMP-1060,2026-09-07,58
EMP-1060,2026-09-14,54
EMP-1060,2026-09-21,58
EMP-1060,2026-09-28,58
EMP-1060,2026-10-05,52
EMP-1060,2026-10-12,52
EMP-1060,2026-10-19,54
EMP-1060,2026-10-26,59
EMP-1060,2026-11-02,55
EMP-1060,2026-11-09,52
EMP-1060,2026-11-16,58
EMP-1060,2026-11-23,58
EMP-1060,2026-11-30,54
EMP-1060,2026-12-07,53
EMP-1060,2026-12-14,58
EMP-1060,2026-12-21,57
EMP-1060,2026-12-28,54
EMP-1060,2027-01-04,58
EMP-1060,2027-01-11,55
EMP-1060,2027-01-18,61
EMP-1060,2027-01-25,55
EMP-1060,2027-02-01,56
EMP-1060,2027-02-08,56
EMP-1060,2027-02-15,53
EMP-1060,2027-02-22,56
EMP-1060,2027-03-01,52
EMP-1060,2027-03-08,57
EMP-1060,2027-03-15,60
EMP-1060,2027-03-22,62
EMP-1061,2026-08-31,44
EMP-1061,2026-09-07,39
EMP-1061,2026-09-14,39
EMP-1061,2026-09-21,44
EMP-1061,2026-09-28,39
EMP-1061,2026-10-05,38
EMP-1061,2026-10-12,47
EMP-1061,2026-10-19,40
EMP-1061,2026-10-26,46
EMP-1061,2026-11-02,45
EMP-1061,2026-11-09,48
EMP-1061,2026-11-16,41
EMP-1061,2026-11-23,46
EMP-1061,2026-11-30,45
EMP-1061,2026-12-07,38
EMP-1061,2026-12-14,46
EMP-1061,2026-12-21,43
EMP-1061,2026-12-28,45
EMP-1061,2027-01-04,39
EMP-1061,2027-01-11,38
EMP-1061,2027-01-18,47
EMP-1061,2027-01-25,38
EMP-1061,2027-02-01,48
EMP-1061,2027-02-08,47
EMP-1061,2027-02-15,48
EMP-1061,2027-02-22,40
EMP-1061,2027-03-01,39
EMP-1061,2027-03-08,47
EMP-1061,2027-03-15,44
EMP-1061,2027-03-22,41
EMP-1062,2026-08-31,59
EMP-1062,2026-09-07,59
EMP-1062,2026-09-14,61
EMP-1062,2026-09-21,64
EMP-1062,2026-09-28,59
EMP-1062,2026-10-05,58
EMP-1062,2026-10-12,67
EMP-1062,2026-10-19,58
EMP-1062,2026-10-26,63
EMP-1062,2026-11-02,57
EMP-1062,2026-11-09,60
EMP-1062,2026-11-16,61
EMP-1062,2026-11-23,66
EMP-1062,2026-11-30,64
EMP-1062,2026-12-07,62
EMP-1062,2026-12-14,57
EMP-1062,2026-12-21,62
EMP-1062,2026-12-28,65
EMP-1062,2027-01-04,61
EMP-1062,2027-01-11,66
EMP-1062,2027-01-18,65
EMP-1062,2027-01-25,63
EMP-1062,2027-02-01,64
EMP-1062,2027-02-08,67
EMP-1062,2027-02-15,57
EMP-1062,2027-02-22,61
EMP-1062,2027-03-01,58
EMP-1062,2027-03-08,66
EMP-1062,2027-03-15,60
EMP-1062,2027-03-22,67
EMP-1063,2026-08-31,60
EMP-1063,2026-09-07,55
EMP-1063,2026-09-14,64
EMP-1063,2026-09-21,61
EMP-1063,2026-09-28,62
EMP-1063,2026-10-05,55
EMP-1063,2026-10-12,58
EMP-1063,2026-10-19,65
EMP-1063,2026-10-26,64
EMP-1063,2026-11-02,65
EMP-1063,2026-11-09,58
EMP-1063,2026-11-16,60
EMP-1063,2026-11-23,58
EMP-1063,2026-11-30,65
EMP-1063,2026-12-07,55
EMP-1063,2026-12-14,56
EMP-1063,2026-12-21,64
EMP-1063,2026-12-28,63
EMP-1063,2027-01-04,55
EMP-1063,2027-01-11,60
EMP-1063,2027-01-18,55
EMP-1063,2027-01-25,55
EMP-1063,2027-02-01,57
EMP-1063,2027-02-08,57
EMP-1063,2027-02-15,57
EMP-1063,2027-02-22,59
EMP-1063,2027-03-01,56
EMP-1063,2027-03-08,62
EMP-1063,2027-03-15,57
EMP-1063,2027-03-22,63
EMP-1064,2026-08-31,63
EMP-1064,2026-09-07,65
EMP-1064,2026-09-14,58
EMP-1064,2026-09-21,58
EMP-1064,2026-09-28,62
EMP-1064,2026-10-05,66
EMP-1064,2026-10-12,65
EMP-1064,2026-10-19,59
EMP-1064,2026-10-26,60
EMP-1064,2026-11-02,62
EMP-1064,2026-11-09,64
EMP-1064,2026-11-16,59
EMP-1064,2026-11-23,60
EMP-1064,2026-11-30,62
EMP-1064,2026-12-07,63
EMP-1064,2026-12-14,59
EMP-1064,2026-12-21,64
EMP-1064,2026-12-28,64
EMP-1064,2027-01-04,62
EMP-1064,2027-01-11,65
EMP-1064,2027-01-18,64
EMP-1064,2027-01-25,60
EMP-1064,2027-02-01,66
EMP-1064,2027-02-08,67
EMP-1064,2027-02-15,58
EMP-1064,2027-02-22,64
EMP-1064,2027-03-01,68
EMP-1064,2027-03-08,58
EMP-1064,2027-03-15,58
EMP-1064,2027-03-22,61
EMP-1065,2026-08-31,62
EMP-1065,2026-09-07,62
EMP-1065,2026-09-14,58
EMP-1065,2026-09-21,61
EMP-1065,2026-09-28,52
EMP-1065,2026-10-05,60
EMP-1065,2026-10-12,60
EMP-1065,2026-10-19,57
EMP-1065,2026-10-26,54
EMP-1065,2026-11-02,57
EMP-1065,2026-11-09,58
EMP-1065,2026-11-16,52
EMP-1065,2026-11-23,52
EMP-1065,2026-11-30,52
EMP-1065,2026-12-07,62
EMP-1065,2026-12-14,62
EMP-1065,2026-12-21,55
EMP-1065,2026-12-28,52
EMP-1065,2027-01-04,53
EMP-1065,2027-01-11,61
EMP-1065,2027-01-18,56
EMP-1065,2027-01-25,53
EMP-1065,2027-02-01,62
EMP-1065,2027-02-08,53
EMP-1065,2027-02-15,53
EMP-1065,2027-02-22,61
EMP-1065,2027-03-01,58
EMP-1065,2027-03-08,61
EMP-1065,2027-03-15,62
EMP-1065,2027-03-22,56
EMP-1066,2026-08-31,50
EMP-1066,2026-09-07,53
EMP-1066,2026-09-14,55
EMP-1066,2026-09-21,52
EMP-1066,2026-09-28,50
EMP-1066,2026-10-05,54
EMP-1066,2026-10-12,55
EMP-1066,2026-10-19,55
EMP-1066,2026-10-26,56
EMP-1066,2026-11-02,50
EMP-1066,2026-11-09,58
EMP-1066,2026-11-16,50
EMP-1066,2026-11-23,49
EMP-1066,2026-11-30,54
EMP-1066,2026-12-07,59
EMP-1066,2026-12-14,59
EMP-1066,2026-12-21,58
EMP-1066,2026-12-28,56
EMP-1066,2027-01-04,51
EMP-1066,2027-01-11,51
EMP-1066,2027-01-18,49
EMP-1066,2027-01-25,57
EMP-1066,2027-02-01,54
EMP-1066,2027-02-08,54
EMP-1066,2027-02-15,52
EMP-1066,2027-02-22,59
EMP-1066,2027-03-01,55
EMP-1066,2027-03-08,49
EMP-1066,2027-03-15,51
EMP-1066,2027-03-22,52
EMP-1067,2026-08-31,39
EMP-1067,2026-09-07,33
EMP-1067,2026-09-14,38
EMP-1067,2026-09-21,36
EMP-1067,2026-09-28,33
EMP-1067,2026-10-05,41
EMP-1067,2026-10-12,36
EMP-1067,2026-10-19,36
EMP-1067,2026-10-26,41
EMP-1067,2026-11-02,34
EMP-1067,2026-11-09,32
EMP-1067,2026-11-16,38
EMP-1067,2026-11-23,36
EMP-1067,2026-11-30,39
EMP-1067,2026-12-07,35
EMP-1067,2026-12-14,32
EMP-1067,2026-12-21,32
EMP-1067,2026-12-28,35
EMP-1067,2027-01-04,35
EMP-1067,2027-01-11,39
EMP-1067,2027-01-18,32
EMP-1067,2027-01-25,38
EMP-1067,2027-02-01,38
EMP-1067,2027-02-08,41
EMP-1067,2027-02-15,31
EMP-1067,2027-02-22,37
EMP-1067,2027-03-01,40
EMP-1067,2027-03-08,37
EMP-1067,2027-03-15,41
EMP-1067,2027-03-22,32
EMP-1068,2026-08-31,55
EMP-1068,2026-09-07,62
EMP-1068,2026-09-14,59
EMP-1068,2026-09-21,59
EMP-1068,2026-09-28,58
EMP-1068,2026-10-05,57
EMP-1068,2026-10-12,58
EMP-1068,2026-10-19,58
EMP-1068,2026-10-26,61
EMP-1068,2026-11-02,60
EMP-1068,2026-11-09,55
EMP-1068,2026-11-16,52
EMP-1068,2026-11-23,60
EMP-1068,2026-11-30,59
EMP-1068,2026-12-07,59
EMP-1068,2026-12-14,58
EMP-1068,2026-12-21,58
EMP-1068,2026-12-28,52
EMP-1068,2027-01-04,61
EMP-1068,2027-01-11,55
EMP-1068,2027-01-18,60
EMP-1068,2027-01-25,59
EMP-1068,2027-02-01,62
EMP-1068,2027-02-08,56
EMP-1068,2027-02-15,52
EMP-1068,2027-02-22,59
EMP-1068,2027-03-01,52
EMP-1068,2027-03-08,56
EMP-1068,2027-03-15,62
EMP-1068,2027-03-22,54
EMP-1069,2026-08-31,54
EMP-1069,2026-09-07,58
EMP-1069,2026-09-14,58
EMP-1069,2026-09-21,59
EMP-1069,2026-09-28,58
EMP-1069,2026-10-05,58
EMP-1069,2026-10-12,54
EMP-1069,2026-10-19,64
EMP-1069,2026-10-26,54
EMP-1069,2026-11-02,62
EMP-1069,2026-11-09,55
EMP-1069,2026-11-16,56
EMP-1069,2026-11-23,61
EMP-1069,2026-11-30,58
EMP-1069,2026-12-07,61
EMP-1069,2026-12-14,60
EMP-1069,2026-12-21,62
EMP-1069,2026-12-28,59
EMP-1069,2027-01-04,60
EMP-1069,2027-01-11,60
EMP-1069,2027-01-18,54
EMP-1069,2027-01-25,58
EMP-1069,2027-02-01,59
EMP-1069,2027-02-08,57
EMP-1069,2027-02-15,58
EMP-1069,2027-02-22,55
EMP-1069,2027-03-01,56
EMP-1069,2027-03-08,63
EMP-1069,2027-03-15,57
EMP-1069,2027-03-22,55
EMP-1070,2026-08-31,42
EMP-1070,2026-09-07,42
EMP-1070,2026-09-14,37
EMP-1070,2026-09-21,42
EMP-1070,2026-09-28,40
EMP-1070,2026-10-05,38
EMP-1070,2026-10-12,38
EMP-1070,2026-10-19,34
EMP-1070,2026-10-26,37
EMP-1070,2026-11-02,39
EMP-1070,2026-11-09,35
EMP-1070,2026-11-16,39
EMP-1070,2026-11-23,36
EMP-1070,2026-11-30,36
EMP-1070,2026-12-07,39
EMP-1070,2026-12-14,42
EMP-1070,2026-12-21,34
EMP-1070,2026-12-28,35
EMP-1070,2027-01-04,41
EMP-1070,2027-01-11,42
EMP-1070,2027-01-18,36
EMP-1070,2027-01-25,37
EMP-1070,2027-02-01,36
EMP-1070,2027-02-08,37
EMP-1070,2027-02-15,40
EMP-1070,2027-02-22,39
EMP-1070,2027-03-01,40
EMP-1070,2027-03-08,36
EMP-1070,2027-03-15,38
EMP-1070,2027-03-22,41
EMP-1071,2026-08-31,52
EMP-1071,2026-09-07,61
EMP-1071,2026-09-14,56
EMP-1071,2026-09-21,56
EMP-1071,2026-09-28,55
EMP-1071,2026-10-05,56
EMP-1071,2026-10-12,57
EMP-1071,2026-10-19,61
EMP-1071,2026-10-26,58
EMP-1071,2026-11-02,58
EMP-1071,2026-11-09,58
EMP-1071,2026-11-16,59
EMP-1071,2026-11-23,60
EMP-1071,2026-11-30,55
EMP-1071,2026-12-07,56
EMP-1071,2026-12-14,54
EMP-1071,2026-12-21,59
EMP-1071,2026-12-28,58
EMP-1071,2027-01-04,59
EMP-1071,2027-01-11,52
EMP-1071,2027-01-18,57
EMP-1071,2027-01-25,52
EMP-1071,2027-02-01,51
EMP-1071,2027-02-08,58
EMP-1071,2027-02-15,61
EMP-1071,2027-02-22,58
EMP-1071,2027-03-01,54
EMP-1071,2027-03-08,58
EMP-1071,2027-03-15,61
EMP-1071,2027-03-22,60
EMP-1072,2026-08-31,50
EMP-1072,2026-09-07,54
EMP-1072,2026-09-14,49
EMP-1072,2026-09-21,55
EMP-1072,2026-09-28,57
EMP-1072,2026-10-05,57
EMP-1072,2026-10-12,55
EMP-1072,2026-10-19,57
EMP-1072,2026-10-26,51
EMP-1072,2026-11-02,57
EMP-1072,2026-11-09,47
EMP-1072,2026-11-16,50
EMP-1072,2026-11-23,50
EMP-1072,2026-11-30,54
EMP-1072,2026-12-07,57
EMP-1072,2026-12-14,54
EMP-1072,2026-12-21,54
EMP-1072,2026-12-28,52
EMP-1072,2027-01-04,52
EMP-1072,2027-01-11,52
EMP-1072,2027-01-18,47
EMP-1072,2027-01-25,56
EMP-1072,2027-02-01,57
EMP-1072,2027-02-08,50
EMP-1072,2027-02-15,53
EMP-1072,2027-02-22,55
EMP-1072,2027-03-01,49
EMP-1072,2027-03-08,48
EMP-1072,2027-03-15,57
EMP-1072,2027-03-22,49
EMP-1073,2026-08-31,66
EMP-1073,2026-09-07,70
EMP-1073,2026-09-14,68
EMP-1073,2026-09-21,62
EMP-1073,2026-09-28,65
EMP-1073,2026-10-05,68
EMP-1073,2026-10-12,62
EMP-1073,2026-10-19,69
EMP-1073,2026-10-26,67
EMP-1073,2026-11-02,65
EMP-1073,2026-11-09,67
EMP-1073,2026-11-16,61
EMP-1073,2026-11-23,65
EMP-1073,2026-11-30,65
EMP-1073,2026-12-07,62
EMP-1073,2026-12-14,60
EMP-1073,2026-12-21,60
EMP-1073,2026-12-28,70
EMP-1073,2027-01-04,69
EMP-1073,2027-01-11,69
EMP-1073,2027-01-18,66
EMP-1073,2027-01-25,64
EMP-1073,2027-02-01,70
EMP-1073,2027-02-08,66
EMP-1073,2027-02-15,65
EMP-1073,2027-02-22,64
EMP-1073,2027-03-01,70
EMP-1073,2027-03-08,70
EMP-1073,2027-03-15,65
EMP-1073,2027-03-22,67
EMP-1074,2026-08-31,70
EMP-1074,2026-09-07,68
EMP-1074,2026-09-14,66
EMP-1074,2026-09-21,61
EMP-1074,2026-09-28,70
EMP-1074,2026-10-05,61
EMP-1074,2026-10-12,62
EMP-1074,2026-10-19,61
EMP-1074,2026-10-26,70
EMP-1074,2026-11-02,64
EMP-1074,2026-11-09,65
EMP-1074,2026-11-16,68
EMP-1074,2026-11-23,62
EMP-1074,2026-11-30,61
EMP-1074,2026-12-07,63
EMP-1074,2026-12-14,61
EMP-1074,2026-12-21,70
EMP-1074,2026-12-28,62
EMP-1074,2027-01-04,70
EMP-1074,2027-01-11,62
EMP-1074,2027-01-18,62
EMP-1074,2027-01-25,70
EMP-1074,2027-02-01,63
EMP-1074,2027-02-08,64
EMP-1074,2027-02-15,62
EMP-1074,2027-02-22,61
EMP-1074,2027-03-01,62
EMP-1074,2027-03-08,61
EMP-1074,2027-03-15,66
EMP-1074,2027-03-22,70
EMP-1075,2026-08-31,56
EMP-1075,2026-09-07,50
EMP-1075,2026-09-14,56
EMP-1075,2026-09-21,52
EMP-1075,2026-09-28,49
EMP-1075,2026-10-05,53
EMP-1075,2026-10-12,50
EMP-1075,2026-10-19,49
EMP-1075,2026-10-26,53
EMP-1075,2026-11-02,50
EMP-1075,2026-11-09,47
EMP-1075,2026-11-16,50
EMP-1075,2026-11-23,53
EMP-1075,2026-11-30,54
EMP-1075,2026-12-07,57
EMP-1075,2026-12-14,55
EMP-1075,2026-12-21,55
EMP-1075,2026-12-28,57
EMP-1075,2027-01-04,50
EMP-1075,2027-01-11,47
EMP-1075,2027-01-18,53
EMP-1075,2027-01-25,55
EMP-1075,2027-02-01,54
EMP-1075,2027-02-08,51
EMP-1075,2027-02-15,53
EMP-1075,2027-02-22,53
EMP-1075,2027-03-01,48
EMP-1075,2027-03-08,50
EMP-1075,2027-03-15,51
EMP-1075,2027-03-22,50
EMP-1076,2026-08-31,65
EMP-1076,2026-09-07,61
EMP-1076,2026-09-14,58
EMP-1076,2026-09-21,66
EMP-1076,2026-09-28,63
EMP-1076,2026-10-05,59
EMP-1076,2026-10-12,64
EMP-1076,2026-10-19,58
EMP-1076,2026-10-26,66
EMP-1076,2026-11-02,65
EMP-1076,2026-11-09,58
EMP-1076,2026-11-16,57
EMP-1076,2026-11-23,64
EMP-1076,2026-11-30,61
EMP-1076,2026-12-07,63
EMP-1076,2026-12-14,66
EMP-1076,2026-12-21,65
EMP-1076,2026-12-28,60
EMP-1076,2027-01-04,57
EMP-1076,2027-01-11,62
EMP-1076,2027-01-18,67
EMP-1076,2027-01-25,64
EMP-1076,2027-02-01,61
EMP-1076,2027-02-08,58
EMP-1076,2027-02-15,67
EMP-1076,2027-02-22,65
EMP-1076,2027-03-01,65
EMP-1076,2027-03-08,62
EMP-1076,2027-03-15,61
EMP-1076,2027-03-22,65
EMP-1077,2026-08-31,51
EMP-1077,2026-09-07,55
EMP-1077,2026-09-14,53
EMP-1077,2026-09-21,51
EMP-1077,2026-09-28,59
EMP-1077,2026-10-05,58
EMP-1077,2026-10-12,57
EMP-1077,2026-10-19,61
EMP-1077,2026-10-26,54
EMP-1077,2026-11-02,58
EMP-1077,2026-11-09,54
EMP-1077,2026-11-16,60
EMP-1077,2026-11-23,51
EMP-1077,2026-11-30,52
EMP-1077,2026-12-07,52
EMP-1077,2026-12-14,57
EMP-1077,2026-12-21,55
EMP-1077,2026-12-28,51
EMP-1077,2027-01-04,58
EMP-1077,2027-01-11,54
EMP-1077,2027-01-18,54
EMP-1077,2027-01-25,56
EMP-1077,2027-02-01,58
EMP-1077,2027-02-08,51
EMP-1077,2027-02-15,54
EMP-1077,2027-02-22,56
EMP-1077,2027-03-01,61
EMP-1077,2027-03-08,55
EMP-1077,2027-03-15,60
EMP-1077,2027-03-22,59
EMP-1078,2026-08-31,63
EMP-1078,2026-09-07,70
EMP-1078,2026-09-14,68
EMP-1078,2026-09-21,63
EMP-1078,2026-09-28,63
EMP-1078,2026-10-05,62
EMP-1078,2026-10-12,69
EMP-1078,2026-10-19,66
EMP-1078,2026-10-26,66
EMP-1078,2026-11-02,66
EMP-1078,2026-11-09,69
EMP-1078,2026-11-16,62
EMP-1078,2026-11-23,61
EMP-1078,2026-11-30,66
EMP-1078,2026-12-07,69
EMP-1078,2026-12-14,70
EMP-1078,2026-12-21,63
EMP-1078,2026-12-28,64
EMP-1078,2027-01-04,62
EMP-1078,2027-01-11,65
EMP-1078,2027-01-18,67
EMP-1078,2027-01-25,69
EMP-1078,2027-02-01,64
EMP-1078,2027-02-08,68
EMP-1078,2027-02-15,70
EMP-1078,2027-02-22,70
EMP-1078,2027-03-01,65
EMP-1078,2027-03-08,70
EMP-1078,2027-03-15,63
EMP-1078,2027-03-22,66
EMP-1079,2026-08-31,70
EMP-1079,2026-09-07,70
EMP-1079,2026-09-14,61
EMP-1079,2026-09-21,67
EMP-1079,2026-09-28,63
EMP-1079,2026-10-05,65
EMP-1079,2026-10-12,68
EMP-1079,2026-10-19,70
EMP-1079,2026-10-26,64
EMP-1079,2026-11-02,61
EMP-1079,2026-11-09,62
EMP-1079,2026-11-16,62
EMP-1079,2026-11-23,67
EMP-1079,2026-11-30,69
EMP-1079,2026-12-07,65
EMP-1079,2026-12-14,68
EMP-1079,2026-12-21,68
EMP-1079,2026-12-28,63
EMP-1079,2027-01-04,70
EMP-1079,2027-01-11,69
EMP-1079,2027-01-18,69
EMP-1079,2027-01-25,69
EMP-1079,2027-02-01,66
EMP-1079,2027-02-08,61
EMP-1079,2027-02-15,67
EMP-1079,2027-02-22,65
EMP-1079,2027-03-01,62
EMP-1079,2027-03-08,70
EMP-1079,2027-03-15,61
EMP-1079,2027-03-22,63
EMP-1080,2026-08-31,61
EMP-1080,2026-09-07,56
EMP-1080,2026-09-14,54
EMP-1080,2026-09-21,55
EMP-1080,2026-09-28,60
EMP-1080,2026-10-05,61
EMP-1080,2026-10-12,54
EMP-1080,2026-10-19,59
EMP-1080,2026-10-26,55
EMP-1080,2026-11-02,54
EMP-1080,2026-11-09,62
EMP-1080,2026-11-16,55
EMP-1080,2026-11-23,58
EMP-1080,2026-11-30,62
EMP-1080,2026-12-07,57
EMP-1080,2026-12-14,61
EMP-1080,2026-12-21,59
EMP-1080,2026-12-28,58
EMP-1080,2027-01-04,54
EMP-1080,2027-01-11,55
EMP-1080,2027-01-18,62
EMP-1080,2027-01-25,57
EMP-1080,2027-02-01,54
EMP-1080,2027-02-08,60
EMP-1080,2027-02-15,56
EMP-1080,2027-02-22,58
EMP-1080,2027-03-01,54
EMP-1080,2027-03-08,63
EMP-1080,2027-03-15,57
EMP-1080,2027-03-22,61
EMP-1081,2026-08-31,67
EMP-1081,2026-09-07,57
EMP-1081,2026-09-14,59
EMP-1081,2026-09-21,65
EMP-1081,2026-09-28,63
EMP-1081,2026-10-05,57
EMP-1081,2026-10-12,59
EMP-1081,2026-10-19,63
EMP-1081,2026-10-26,61
EMP-1081,2026-11-02,59
EMP-1081,2026-11-09,67
EMP-1081,2026-11-16,58
EMP-1081,2026-11-23,65
EMP-1081,2026-11-30,65
EMP-1081,2026-12-07,67
EMP-1081,2026-12-14,63
EMP-1081,2026-12-21,63
EMP-1081,2026-12-28,57
EMP-1081,2027-01-04,65
EMP-1081,2027-01-11,58
EMP-1081,2027-01-18,58
EMP-1081,2027-01-25,63
EMP-1081,2027-02-01,61
EMP-1081,2027-02-08,63
EMP-1081,2027-02-15,63
EMP-1081,2027-02-22,57
EMP-1081,2027-03-01,64
EMP-1081,2027-03-08,62
EMP-1081,2027-03-15,58
EMP-1081,2027-03-22,61
EMP-1082,2026-08-31,45
EMP-1082,2026-09-07,42
EMP-1082,2026-09-14,42
EMP-1082,2026-09-21,50
EMP-1082,2026-09-28,43
EMP-1082,2026-10-05,48
EMP-1082,2026-10-12,41
EMP-1082,2026-10-19,46
EMP-1082,2026-10-26,47
EMP-1082,2026-11-02,41
EMP-1082,2026-11-09,40
EMP-1082,2026-11-16,42
EMP-1082,2026-11-23,49
EMP-1082,2026-11-30,40
EMP-1082,2026-12-07,50
EMP-1082,2026-12-14,45
EMP-1082,2026-12-21,46
EMP-1082,2026-12-28,46
EMP-1082,2027-01-04,49
EMP-1082,2027-01-11,47
EMP-1082,2027-01-18,44
EMP-1082,2027-01-25,41
EMP-1082,2027-02-01,47
EMP-1082,2027-02-08,44
EMP-1082,2027-02-15,40
EMP-1082,2027-02-22,42
EMP-1082,2027-03-01,45
EMP-1082,2027-03-08,42
EMP-1082,2027-03-15,48
EMP-1082,2027-03-22,44
EMP-1083,2026-08-31,53
EMP-1083,2026-09-07,53
EMP-1083,2026-09-14,51
EMP-1083,2026-09-21,60
EMP-1083,2026-09-28,51
EMP-1083,2026-10-05,52
EMP-1083,2026-10-12,54
EMP-1083,2026-10-19,51
EMP-1083,2026-10-26,51
EMP-1083,2026-11-02,55
EMP-1083,2026-11-09,50
EMP-1083,2026-11-16,57
EMP-1083,2026-11-23,60
EMP-1083,2026-11-30,53
EMP-1083,2026-12-07,58
EMP-1083,2026-12-14,51
EMP-1083,2026-12-21,54
EMP-1083,2026-12-28,51
EMP-1083,2027-01-04,58
EMP-1083,2027-01-11,54
EMP-1083,2027-01-18,58
EMP-1083,2027-01-25,56
EMP-1083,2027-02-01,57
EMP-1083,2027-02-08,56
EMP-1083,2027-02-15,56
EMP-1083,2027-02-22,52
EMP-1083,2027-03-01,55
EMP-1083,2027-03-08,50
EMP-1083,2027-03-15,54
EMP-1083,2027-03-22,53
EMP-1084,2026-08-31,63
EMP-1084,2026-09-07,59
EMP-1084,2026-09-14,65
EMP-1084,2026-09-21,64
EMP-1084,2026-09-28,59
EMP-1084,2026-10-05,58
EMP-1084,2026-10-12,62
EMP-1084,2026-10-19,66
EMP-1084,2026-10-26,59
EMP-1084,2026-11-02,57
EMP-1084,2026-11-09,58
EMP-1084,2026-11-16,62
EMP-1084,2026-11-23,62
EMP-1084,2026-11-30,67
EMP-1084,2026-12-07,64
EMP-1084,2026-12-14,64
EMP-1084,2026-12-21,62
EMP-1084,2026-12-28,61
EMP-1084,2027-01-04,64
EMP-1084,2027-01-11,64
EMP-1084,2027-01-18,60
EMP-1084,2027-01-25,61
EMP-1084,2027-02-01,61
EMP-1084,2027-02-08,63
EMP-1084,2027-02-15,58
EMP-1084,2027-02-22,58
EMP-1084,2027-03-01,66
EMP-1084,2027-03-08,57
EMP-1084,2027-03-15,65
EMP-1084,2027-03-22,66
EMP-1085,2026-08-31,70
EMP-1085,2026-09-07,66
EMP-1085,2026-09-14,61
EMP-1085,2026-09-21,66
EMP-1085,2026-09-28,68
EMP-1085,2026-10-05,61
EMP-1085,2026-10-12,63
EMP-1085,2026-10-19,67
EMP-1085,2026-10-26,69
EMP-1085,2026-11-02,69
EMP-1085,2026-11-09,67
EMP-1085,2026-11-16,61
EMP-1085,2026-11-23,67
EMP-1085,2026-11-30,70
EMP-1085,2026-12-07,62
EMP-1085,2026-12-14,60
EMP-1085,2026-12-21,67
EMP-1085,2026-12-28,64
EMP-1085,2027-01-04,70
EMP-1085,2027-01-11,67
EMP-1085,2027-01-18,63
EMP-1085,2027-01-25,62
EMP-1085,2027-02-01,62
EMP-1085,2027-02-08,70
EMP-1085,2027-02-15,63
EMP-1085,2027-02-22,60
EMP-1085,2027-03-01,63
EMP-1085,2027-03-08,69
EMP-1085,2027-03-15,67
EMP-1085,2027-03-22,63
EMP-1086,2026-08-31,33
EMP-1086,2026-09-07,35
EMP-1086,2026-09-14,31
EMP-1086,2026-09-21,36
EMP-1086,2026-09-28,33
EMP-1086,2026-10-05,31
EMP-1086,2026-10-12,31
EMP-1086,2026-10-19,38
EMP-1086,2026-10-26,34
EMP-1086,2026-11-02,36
EMP-1086,2026-11-09,36
EMP-1086,2026-11-16,40
EMP-1086,2026-11-23,40
EMP-1086,2026-11-30,35
EMP-1086,2026-12-07,30
EMP-1086,2026-12-14,36
EMP-1086,2026-12-21,33
EMP-1086,2026-12-28,36
EMP-1086,2027-01-04,37
EMP-1086,2027-01-11,30
EMP-1086,2027-01-18,30
EMP-1086,2027-01-25,36
EMP-1086,2027-02-01,31
EMP-1086,2027-02-08,39
EMP-1086,2027-02-15,38
EMP-1086,2027-02-22,34
EMP-1086,2027-03-01,34
EMP-1086,2027-03-08,34
EMP-1086,2027-03-15,35
EMP-1086,2027-03-22,32
EMP-1087,2026-08-31,58
EMP-1087,2026-09-07,61
EMP-1087,2026-09-14,67
EMP-1087,2026-09-21,62
EMP-1087,2026-09-28,67
EMP-1087,2026-10-05,59
EMP-1087,2026-10-12,57
EMP-1087,2026-10-19,65
EMP-1087,2026-10-26,66
EMP-1087,2026-11-02,60
EMP-1087,2026-11-09,67
EMP-1087,2026-11-16,66
EMP-1087,2026-11-23,65
EMP-1087,2026-11-30,59
EMP-1087,2026-12-07,60
EMP-1087,2026-12-14,57
EMP-1087,2026-12-21,65
EMP-1087,2026-12-28,65
EMP-1087,2027-01-04,60
EMP-1087,2027-01-11,66
EMP-1087,2027-01-18,66
EMP-1087,2027-01-25,61
EMP-1087,2027-02-01,67
EMP-1087,2027-02-08,64
EMP-1087,2027-02-15,58
EMP-1087,2027-02-22,57
EMP-1087,2027-03-01,60
EMP-1087,2027-03-08,63
EMP-1087,2027-03-15,57
EMP-1087,2027-03-22,65
EMP-1088,2026-08-31,65
EMP-1088,2026-09-07,55
EMP-1088,2026-09-14,63
EMP-1088,2026-09-21,62
EMP-1088,2026-09-28,57
EMP-1088,2026-10-05,60
EMP-1088,2026-10-12,55
EMP-1088,2026-10-19,56
EMP-1088,2026-10-26,55
EMP-1088,2026-11-02,58
EMP-1088,2026-11-09,58
EMP-1088,2026-11-16,61
EMP-1088,2026-11-23,61
EMP-1088,2026-11-30,61
EMP-1088,2026-12-07,62
EMP-1088,2026-12-14,63
EMP-1088,2026-12-21,57
EMP-1088,2026-12-28,64
EMP-1088,2027-01-04,62
EMP-1088,2027-01-11,56
EMP-1088,2027-01-18,59
EMP-1088,2027-01-25,59
EMP-1088,2027-02-01,60
EMP-1088,2027-02-08,57
EMP-1088,2027-02-15,57
EMP-1088,2027-02-22,55
EMP-1088,2027-03-01,58
EMP-1088,2027-03-08,58
EMP-1088,2027-03-15,61
EMP-1088,2027-03-22,58
EMP-1089,2026-08-31,43
EMP-1089,2026-09-07,44
EMP-1089,2026-09-14,51
EMP-1089,2026-09-21,50
EMP-1089,2026-09-28,43
EMP-1089,2026-10-05,42
EMP-1089,2026-10-12,42
EMP-1089,2026-10-19,42
EMP-1089,2026-10-26,41
EMP-1089,2026-11-02,42
EMP-1089,2026-11-09,43
EMP-1089,2026-11-16,46
EMP-1089,2026-11-23,42
EMP-1089,2026-11-30,43
EMP-1089,2026-12-07,42
EMP-1089,2026-12-14,50
EMP-1089,2026-12-21,41
EMP-1089,2026-12-28,41
EMP-1089,2027-01-04,46
EMP-1089,2027-01-11,41
EMP-1089,2027-01-18,46
EMP-1089,2027-01-25,50
EMP-1089,2027-02-01,42
EMP-1089,2027-02-08,43
EMP-1089,2027-02-15,44
EMP-1089,2027-02-22,46
EMP-1089,2027-03-01,42
EMP-1089,2027-03-08,47
EMP-1089,2027-03-15,50
EMP-1089,2027-03-22,49
EMP-1090,2026-08-31,61
EMP-1090,2026-09-07,61
EMP-1090,2026-09-14,62
EMP-1090,2026-09-21,65
EMP-1090,2026-09-28,67
EMP-1090,2026-10-05,69
EMP-1090,2026-10-12,70
EMP-1090,2026-10-19,64
EMP-1090,2026-10-26,65
EMP-1090,2026-11-02,65
EMP-1090,2026-11-09,70
EMP-1090,2026-11-16,70
EMP-1090,2026-11-23,67
EMP-1090,2026-11-30,69
EMP-1090,2026-12-07,66
EMP-1090,2026-12-14,70
EMP-1090,2026-12-21,64
EMP-1090,2026-12-28,66
EMP-1090,2027-01-04,61
EMP-1090,2027-01-11,70
EMP-1090,2027-01-18,67
EMP-1090,2027-01-25,61
EMP-1090,2027-02-01,61
EMP-1090,2027-02-08,67
EMP-1090,2027-02-15,69
EMP-1090,2027-02-22,70
EMP-1090,2027-03-01,63
EMP-1090,2027-03-08,67
EMP-1090,2027-03-15,65
EMP-1090,2027-03-22,70
EMP-1091,2026-08-31,59
EMP-1091,2026-09-07,61
EMP-1091,2026-09-14,56
EMP-1091,2026-09-21,61
EMP-1091,2026-09-28,57
EMP-1091,2026-10-05,57
EMP-1091,2026-10-12,59
EMP-1091,2026-10-19,61
EMP-1091,2026-10-26,54
EMP-1091,2026-11-02,64
EMP-1091,2026-11-09,59
EMP-1091,2026-11-16,62
EMP-1091,2026-11-23,61
EMP-1091,2026-11-30,59
EMP-1091,2026-12-07,62
EMP-1091,2026-12-14,57
EMP-1091,2026-12-21,55
EMP-1091,2026-12-28,60
EMP-1091,2027-01-04,55
EMP-1091,2027-01-11,56
EMP-1091,2027-01-18,55
EMP-1091,2027-01-25,59
EMP-1091,2027-02-01,63
EMP-1091,2027-02-08,62
EMP-1091,2027-02-15,61
EMP-1091,2027-02-22,62
EMP-1091,2027-03-01,54
EMP-1091,2027-03-08,59
EMP-1091,2027-03-15,56
EMP-1091,2027-03-22,60
EMP-1092,2026-08-31,59
EMP-1092,2026-09-07,63
EMP-1092,2026-09-14,62
EMP-1092,2026-09-21,62
EMP-1092,2026-09-28,63
EMP-1092,2026-10-05,64
EMP-1092,2026-10-12,64
EMP-1092,2026-10-19,62
EMP-1092,2026-10-26,64
EMP-1092,2026-11-02,62
EMP-1092,2026-11-09,61
EMP-1092,2026-11-16,60
EMP-1092,2026-11-23,68
EMP-1092,2026-11-30,60
EMP-1092,2026-12-07,62
EMP-1092,2026-12-14,68
EMP-1092,2026-12-21,62
EMP-1092,2026-12-28,69
EMP-1092,2027-01-04,66
EMP-1092,2027-01-11,65
EMP-1092,2027-01-18,65
EMP-1092,2027-01-25,62
EMP-1092,2027-02-01,66
EMP-1092,2027-02-08,64
EMP-1092,2027-02-15,65
EMP-1092,2027-02-22,69
EMP-1092,2027-03-01,66
EMP-1092,2027-03-08,64
EMP-1092,2027-03-15,63
EMP-1092,2027-03-22,69
EMP-1093,2026-08-31,67
EMP-1093,2026-09-07,60
EMP-1093,2026-09-14,66
EMP-1093,2026-09-21,64
EMP-1093,2026-09-28,63
EMP-1093,2026-10-05,59
EMP-1093,2026-10-12,59
EMP-1093,2026-10-19,67
EMP-1093,2026-10-26,58
EMP-1093,2026-11-02,66
EMP-1093,2026-11-09,61
EMP-1093,2026-11-16,61
EMP-1093,2026-11-23,64
EMP-1093,2026-11-30,66
EMP-1093,2026-12-07,61
EMP-1093,2026-12-14,58
EMP-1093,2026-12-21,66
EMP-1093,2026-12-28,66
EMP-1093,2027-01-04,61
EMP-1093,2027-01-11,59
EMP-1093,2027-01-18,63
EMP-1093,2027-01-25,64
EMP-1093,2027-02-01,60
EMP-1093,2027-02-08,65
EMP-1093,2027-02-15,65
EMP-1093,2027-02-22,57
EMP-1093,2027-03-01,59
EMP-1093,2027-03-08,67
EMP-1093,2027-03-15,62
EMP-1093,2027-03-22,64
EMP-1094,2026-08-31,59
EMP-1094,2026-09-07,52
EMP-1094,2026-09-14,53
EMP-1094,2026-09-21,54
EMP-1094,2026-09-28,52
EMP-1094,2026-10-05,60
EMP-1094,2026-10-12,59
EMP-1094,2026-10-19,59
EMP-1094,2026-10-26,56
EMP-1094,2026-11-02,62
EMP-1094,2026-11-09,62
EMP-1094,2026-11-16,53
EMP-1094,2026-11-23,53
EMP-1094,2026-11-30,56
EMP-1094,2026-12-07,54
EMP-1094,2026-12-14,61
EMP-1094,2026-12-21,59
EMP-1094,2026-12-28,59
EMP-1094,2027-01-04,57
EMP-1094,2027-01-11,52
EMP-1094,2027-01-18,54
EMP-1094,2027-01-25,61
EMP-1094,2027-02-01,57
EMP-1094,2027-02-08,57
EMP-1094,2027-02-15,60
EMP-1094,2027-02-22,60
EMP-1094,2027-03-01,60
EMP-1094,2027-03-08,53
EMP-1094,2027-03-15,52
EMP-1094,2027-03-22,61
EMP-1095,2026-08-31,56
EMP-1095,2026-09-07,54
EMP-1095,2026-09-14,50
EMP-1095,2026-09-21,48
EMP-1095,2026-09-28,49
EMP-1095,2026-10-05,55
EMP-1095,2026-10-12,57
EMP-1095,2026-10-19,50
EMP-1095,2026-10-26,57
EMP-1095,2026-11-02,55
EMP-1095,2026-11-09,56
EMP-1095,2026-11-16,50
EMP-1095,2026-11-23,48
EMP-1095,2026-11-30,49
EMP-1095,2026-12-07,56
EMP-1095,2026-12-14,50
EMP-1095,2026-12-21,57
EMP-1095,2026-12-28,50
EMP-1095,2027-01-04,56
EMP-1095,2027-01-11,57
EMP-1095,2027-01-18,49
EMP-1095,2027-01-25,53
EMP-1095,2027-02-01,57
EMP-1095,2027-02-08,48
EMP-1095,2027-02-15,50
EMP-1095,2027-02-22,47
EMP-1095,2027-03-01,50
EMP-1095,2027-03-08,52
EMP-1095,2027-03-15,53
EMP-1095,2027-03-22,51
EMP-1096,2026-08-31,70
EMP-1096,2026-09-07,66
EMP-1096,2026-09-14,61
EMP-1096,2026-09-21,63
EMP-1096,2026-09-28,68
EMP-1096,2026-10-05,68
EMP-1096,2026-10-12,65
EMP-1096,2026-10-19,63
EMP-1096,2026-10-26,64
EMP-1096,2026-11-02,60
EMP-1096,2026-11-09,63
EMP-1096,2026-11-16,62
EMP-1096,2026-11-23,60
EMP-1096,2026-11-30,66
EMP-1096,2026-12-07,62
EMP-1096,2026-12-14,64
EMP-1096,2026-12-21,67
EMP-1096,2026-12-28,65
EMP-1096,2027-01-04,63
EMP-1096,2027-01-11,68
EMP-1096,2027-01-18,67
EMP-1096,2027-01-25,70
EMP-1096,2027-02-01,62
EMP-1096,2027-02-08,68
EMP-1096,2027-02-15,66
EMP-1096,2027-02-22,60
EMP-1096,2027-03-01,65
EMP-1096,2027-03-08,60
EMP-1096,2027-03-15,61
EMP-1096,2027-03-22,68
EMP-1097,2026-08-31,53
EMP-1097,2026-09-07,56
EMP-1097,2026-09-14,53
EMP-1097,2026-09-21,62
EMP-1097,2026-09-28,53
EMP-1097,2026-10-05,54
EMP-1097,2026-10-12,59
EMP-1097,2026-10-19,61
EMP-1097,2026-10-26,55
EMP-1097,2026-11-02,58
EMP-1097,2026-11-09,53
EMP-1097,2026-11-16,63
EMP-1097,2026-11-23,59
EMP-1097,2026-11-30,56
EMP-1097,2026-12-07,53
EMP-1097,2026-12-14,60
EMP-1097,2026-12-21,58
EMP-1097,2026-12-28,63
EMP-1097,2027-01-04,55
EMP-1097,2027-01-11,61
EMP-1097,2027-01-18,56
EMP-1097,2027-01-25,53
EMP-1097,2027-02-01,63
EMP-1097,2027-02-08,63
EMP-1097,2027-02-15,59
EMP-1097,2027-02-22,60
EMP-1097,2027-03-01,56
EMP-1097,2027-03-08,60
EMP-1097,2027-03-15,59
EMP-1097,2027-03-22,53
EMP-1098,2026-08-31,57
EMP-1098,2026-09-07,56
EMP-1098,2026-09-14,62
EMP-1098,2026-09-21,60
EMP-1098,2026-09-28,64
EMP-1098,2026-10-05,64
EMP-1098,2026-10-12,63
EMP-1098,2026-10-19,54
EMP-1098,2026-10-26,63
EMP-1098,2026-11-02,54
EMP-1098,2026-11-09,55
EMP-1098,2026-11-16,57
EMP-1098,2026-11-23,61
EMP-1098,2026-11-30,55
EMP-1098,2026-12-07,55
EMP-1098,2026-12-14,55
EMP-1098,2026-12-21,54
EMP-1098,2026-12-28,61
EMP-1098,2027-01-04,54
EMP-1098,2027-01-11,63
EMP-1098,2027-01-18,63
EMP-1098,2027-01-25,61
EMP-1098,2027-02-01,57
EMP-1098,2027-02-08,55
EMP-1098,2027-02-15,58
EMP-1098,2027-02-22,63
EMP-1098,2027-03-01,59
EMP-1098,2027-03-08,62
EMP-1098,2027-03-15,60
EMP-1098,2027-03-22,58
EMP-1099,2026-08-31,62
EMP-1099,2026-09-07,64
EMP-1099,2026-09-14,67
EMP-1099,2026-09-21,59
EMP-1099,2026-09-28,67
EMP-1099,2026-10-05,68
EMP-1099,2026-10-12,67
EMP-1099,2026-10-19,63
EMP-1099,2026-10-26,69
EMP-1099,2026-11-02,66
EMP-1099,2026-11-09,67
EMP-1099,2026-11-16,69
EMP-1099,2026-11-23,65
EMP-1099,2026-11-30,61
EMP-1099,2026-12-07,69
EMP-1099,2026-12-14,63
EMP-1099,2026-12-21,60
EMP-1099,2026-12-28,65
EMP-1099,2027-01-04,66
EMP-1099,2027-01-11,64
EMP-1099,2027-01-18,68
EMP-1099,2027-01-25,60
EMP-1099,2027-02-01,65
EMP-1099,2027-02-08,66
EMP-1099,2027-02-15,66
EMP-1099,2027-02-22,63
EMP-1099,2027-03-01,61
EMP-1099,2027-03-08,69
EMP-1099,2027-03-15,64
EMP-1099,2027-03-22,69
EMP-1100,2026-08-31,43
EMP-1100,2026-09-07,45
EMP-1100,2026-09-14,40
EMP-1100,2026-09-21,44
EMP-1100,2026-09-28,39
EMP-1100,2026-10-05,42
EMP-1100,2026-10-12,39
EMP-1100,2026-10-19,43
EMP-1100,2026-10-26,41
EMP-1100,2026-11-02,44
EMP-1100,2026-11-09,40
EMP-1100,2026-11-16,42
EMP-1100,2026-11-23,41
EMP-1100,2026-11-30,49
EMP-1100,2026-12-07,39
EMP-1100,2026-12-14,42
EMP-1100,2026-12-21,43
EMP-1100,2026-12-28,48
EMP-1100,2027-01-04,47
EMP-1100,2027-01-11,47
EMP-1100,2027-01-18,48
EMP-1100,2027-01-25,49
EMP-1100,2027-02-01,46
EMP-1100,2027-02-08,46
EMP-1100,2027-02-15,46
EMP-1100,2027-02-22,47
EMP-1100,2027-03-01,41
EMP-1100,2027-03-08,43
EMP-1100,2027-03-15,45
EMP-1100,2027-03-22,47
EMP-1101,2026-08-31,51
EMP-1101,2026-09-07,54
EMP-1101,2026-09-14,61
EMP-1101,2026-09-21,61
EMP-1101,2026-09-28,53
EMP-1101,2026-10-05,55
EMP-1101,2026-10-12,59
EMP-1101,2026-10-19,53
EMP-1101,2026-10-26,61
EMP-1101,2026-11-02,53
EMP-1101,2026-11-09,57
EMP-1101,2026-11-16,53
EMP-1101,2026-11-23,56
EMP-1101,2026-11-30,56
EMP-1101,2026-12-07,51
EMP-1101,2026-12-14,55
EMP-1101,2026-12-21,61
EMP-1101,2026-12-28,54
EMP-1101,2027-01-04,61
EMP-1101,2027-01-11,57
EMP-1101,2027-01-18,56
EMP-1101,2027-01-25,59
EMP-1101,2027-02-01,60
EMP-1101,2027-02-08,58
EMP-1101,2027-02-15,55
EMP-1101,2027-02-22,51
EMP-1101,2027-03-01,56
EMP-1101,2027-03-08,52
EMP-1101,2027-03-15,51
EMP-1101,2027-03-22,53
EMP-1102,2026-08-31,64
EMP-1102,2026-09-07,63
EMP-1102,2026-09-14,55
EMP-1102,2026-09-21,60
EMP-1102,2026-09-28,62
EMP-1102,2026-10-05,60
EMP-1102,2026-10-12,59
EMP-1102,2026-10-19,62
EMP-1102,2026-10-26,60
EMP-1102,2026-11-02,58
EMP-1102,2026-11-09,60
EMP-1102,2026-11-16,64
EMP-1102,2026-11-23,57
EMP-1102,2026-11-30,60
EMP-1102,2026-12-07,54
EMP-1102,2026-12-14,61
EMP-1102,2026-12-21,59
EMP-1102,2026-12-28,56
EMP-1102,2027-01-04,57
EMP-1102,2027-01-11,57
EMP-1102,2027-01-18,62
EMP-1102,2027-01-25,57
EMP-1102,2027-02-01,63
EMP-1102,2027-02-08,56
EMP-1102,2027-02-15,54
EMP-1102,2027-02-22,63
EMP-1102,2027-03-01,54
EMP-1102,2027-03-08,64
EMP-1102,2027-03-15,59
EMP-1102,2027-03-22,63
EMP-1103,2026-08-31,67
EMP-1103,2026-09-07,65
EMP-1103,2026-09-14,60
EMP-1103,2026-09-21,57
EMP-1103,2026-09-28,62
EMP-1103,2026-10-05,58
EMP-1103,2026-10-12,61
EMP-1103,2026-10-19,58
EMP-1103,2026-10-26,60
EMP-1103,2026-11-02,57
EMP-1103,2026-11-09,67
EMP-1103,2026-11-16,65
EMP-1103,2026-11-23,65
EMP-1103,2026-11-30,59
EMP-1103,2026-12-07,63
EMP-1103,2026-12-14,59
EMP-1103,2026-12-21,63
EMP-1103,2026-12-28,65
EMP-1103,2027-01-04,63
EMP-1103,2027-01-11,58
EMP-1103,2027-01-18,66
EMP-1103,2027-01-25,64
EMP-1103,2027-02-01,66
EMP-1103,2027-02-08,66
EMP-1103,2027-02-15,59
EMP-1103,2027-02-22,65
EMP-1103,2027-03-01,60
EMP-1103,2027-03-08,59
EMP-1103,2027-03-15,63
EMP-1103,2027-03-22,59
EMP-1104,2026-08-31,59
EMP-1104,2026-09-07,64
EMP-1104,2026-09-14,61
EMP-1104,2026-09-21,64
EMP-1104,2026-09-28,66
EMP-1104,2026-10-05,67
EMP-1104,2026-10-12,60
EMP-1104,2026-10-19,65
EMP-1104,2026-10-26,60
EMP-1104,2026-11-02,59
EMP-1104,2026-11-09,60
EMP-1104,2026-11-16,62
EMP-1104,2026-11-23,64
EMP-1104,2026-11-30,68
EMP-1104,2026-12-07,59
EMP-1104,2026-12-14,67
EMP-1104,2026-12-21,69
EMP-1104,2026-12-28,66
EMP-1104,2027-01-04,61
EMP-1104,2027-01-11,60
EMP-1104,2027-01-18,61
EMP-1104,2027-01-25,69
EMP-1104,2027-02-01,59
EMP-1104,2027-02-08,59
EMP-1104,2027-02-15,61
EMP-1104,2027-02-22,65
EMP-1104,2027-03-01,59
EMP-1104,2027-03-08,59
EMP-1104,2027-03-15,61
EMP-1104,2027-03-22,60
EMP-1105,2026-08-31,52
EMP-1105,2026-09-07,52
EMP-1105,2026-09-14,53
EMP-1105,2026-09-21,55
EMP-1105,2026-09-28,53
EMP-1105,2026-10-05,58
EMP-1105,2026-10-12,53
EMP-1105,2026-10-19,53
EMP-1105,2026-10-26,62
EMP-1105,2026-11-02,55
EMP-1105,2026-11-09,59
EMP-1105,2026-11-16,53
EMP-1105,2026-11-23,59
EMP-1105,2026-11-30,56
EMP-1105,2026-12-07,62
EMP-1105,2026-12-14,60
EMP-1105,2026-12-21,53
EMP-1105,2026-12-28,57
EMP-1105,2027-01-04,52
EMP-1105,2027-01-11,60
EMP-1105,2027-01-18,62
EMP-1105,2027-01-25,54
EMP-1105,2027-02-01,58
EMP-1105,2027-02-08,62
EMP-1105,2027-02-15,53
EMP-1105,2027-02-22,53
EMP-1105,2027-03-01,54
EMP-1105,2027-03-08,61
EMP-1105,2027-03-15,56
EMP-1105,2027-03-22,54
EMP-1106,2026-08-31,38
EMP-1106,2026-09-07,38
EMP-1106,2026-09-14,35
EMP-1106,2026-09-21,42
EMP-1106,2026-09-28,37
EMP-1106,2026-10-05,36
EMP-1106,2026-10-12,32
EMP-1106,2026-10-19,35
EMP-1106,2026-10-26,39
EMP-1106,2026-11-02,41
EMP-1106,2026-11-09,35
EMP-1106,2026-11-16,33
EMP-1106,2026-11-23,33
EMP-1106,2026-11-30,32
EMP-1106,2026-12-07,34
EMP-1106,2026-12-14,38
EMP-1106,2026-12-21,41
EMP-1106,2026-12-28,41
EMP-1106,2027-01-04,37
EMP-1106,2027-01-11,33
EMP-1106,2027-01-18,33
EMP-1106,2027-01-25,32
EMP-1106,2027-02-01,34
EMP-1106,2027-02-08,41
EMP-1106,2027-02-15,39
EMP-1106,2027-02-22,36
EMP-1106,2027-03-01,37
EMP-1106,2027-03-08,40
EMP-1106,2027-03-15,39
EMP-1106,2027-03-22,33
EMP-1107,2026-08-31,66
EMP-1107,2026-09-07,68
EMP-1107,2026-09-14,62
EMP-1107,2026-09-21,69
EMP-1107,2026-09-28,67
EMP-1107,2026-10-05,61
EMP-1107,2026-10-12,68
EMP-1107,2026-10-19,62
EMP-1107,2026-10-26,59
EMP-1107,2026-11-02,67
EMP-1107,2026-11-09,68
EMP-1107,2026-11-16,68
EMP-1107,2026-11-23,69
EMP-1107,2026-11-30,59
EMP-1107,2026-12-07,65
EMP-1107,2026-12-14,61
EMP-1107,2026-12-21,66
EMP-1107,2026-12-28,59
EMP-1107,2027-01-04,67
EMP-1107,2027-01-11,62
EMP-1107,2027-01-18,63
EMP-1107,2027-01-25,65
EMP-1107,2027-02-01,63
EMP-1107,2027-02-08,66
EMP-1107,2027-02-15,64
EMP-1107,2027-02-22,62
EMP-1107,2027-03-01,64
EMP-1107,2027-03-08,64
EMP-1107,2027-03-15,66
EMP-1107,2027-03-22,66
EMP-1108,2026-08-31,65
EMP-1108,2026-09-07,65
EMP-1108,2026-09-14,65
EMP-1108,2026-09-21,64
EMP-1108,2026-09-28,56
EMP-1108,2026-10-05,65
EMP-1108,2026-10-12,56
EMP-1108,2026-10-19,56
EMP-1108,2026-10-26,64
EMP-1108,2026-11-02,64
EMP-1108,2026-11-09,65
EMP-1108,2026-11-16,65
EMP-1108,2026-11-23,62
EMP-1108,2026-11-30,61
EMP-1108,2026-12-07,63
EMP-1108,2026-12-14,57
EMP-1108,2026-12-21,65
EMP-1108,2026-12-28,66
EMP-1108,2027-01-04,57
EMP-1108,2027-01-11,60
EMP-1108,2027-01-18,61
EMP-1108,2027-01-25,65
EMP-1108,2027-02-01,56
EMP-1108,2027-02-08,63
EMP-1108,2027-02-15,66
EMP-1108,2027-02-22,65
EMP-1108,2027-03-01,61
EMP-1108,2027-03-08,61
EMP-1108,2027-03-15,62
EMP-1108,2027-03-22,60
EMP-1109,2026-08-31,60
EMP-1109,2026-09-07,63
EMP-1109,2026-09-14,59
EMP-1109,2026-09-21,59
EMP-1109,2026-09-28,55
EMP-1109,2026-10-05,59
EMP-1109,2026-10-12,56
EMP-1109,2026-10-19,61
EMP-1109,2026-10-26,54
EMP-1109,2026-11-02,61
EMP-1109,2026-11-09,63
EMP-1109,2026-11-16,55
EMP-1109,2026-11-23,54
EMP-1109,2026-11-30,55
EMP-1109,2026-12-07,55
EMP-1109,2026-12-14,57
EMP-1109,2026-12-21,59
EMP-1109,2026-12-28,56
EMP-1109,2027-01-04,63
EMP-1109,2027-01-11,62
EMP-1109,2027-01-18,54
EMP-1109,2027-01-25,64
EMP-1109,2027-02-01,59
EMP-1109,2027-02-08,59
EMP-1109,2027-02-15,54
EMP-1109,2027-02-22,60
EMP-1109,2027-03-01,62
EMP-1109,2027-03-08,56
EMP-1109,2027-03-15,64
EMP-1109,2027-03-22,62
EMP-1110,2026-08-31,58
EMP-1110,2026-09-07,48
EMP-1110,2026-09-14,56
EMP-1110,2026-09-21,56
EMP-1110,2026-09-28,55
EMP-1110,2026-10-05,55
EMP-1110,2026-10-12,56
EMP-1110,2026-10-19,57
EMP-1110,2026-10-26,55
EMP-1110,2026-11-02,58
EMP-1110,2026-11-09,52
EMP-1110,2026-11-16,48
EMP-1110,2026-11-23,49
EMP-1110,2026-11-30,58
EMP-1110,2026-12-07,58
EMP-1110,2026-12-14,56
EMP-1110,2026-12-21,56
EMP-1110,2026-12-28,57
EMP-1110,2027-01-04,55
EMP-1110,2027-01-11,56
EMP-1110,2027-01-18,56
EMP-1110,2027-01-25,56
EMP-1110,2027-02-01,49
EMP-1110,2027-02-08,51
EMP-1110,2027-02-15,51
EMP-1110,2027-02-22,50
EMP-1110,2027-03-01,57
EMP-1110,2027-03-08,53
EMP-1110,2027-03-15,50
EMP-1110,2027-03-22,53
EMP-1111,2026-08-31,60
EMP-1111,2026-09-07,52
EMP-1111,2026-09-14,56
EMP-1111,2026-09-21,54
EMP-1111,2026-09-28,54
EMP-1111,2026-10-05,56
EMP-1111,2026-10-12,54
EMP-1111,2026-10-19,59
EMP-1111,2026-10-26,51
EMP-1111,2026-11-02,60
EMP-1111,2026-11-09,60
EMP-1111,2026-11-16,54
EMP-1111,2026-11-23,59
EMP-1111,2026-11-30,55
EMP-1111,2026-12-07,53
EMP-1111,2026-12-14,54
EMP-1111,2026-12-21,52
EMP-1111,2026-12-28,59
EMP-1111,2027-01-04,61
EMP-1111,2027-01-11,61
EMP-1111,2027-01-18,54
EMP-1111,2027-01-25,57
EMP-1111,2027-02-01,59
EMP-1111,2027-02-08,55
EMP-1111,2027-02-15,51
EMP-1111,2027-02-22,59
EMP-1111,2027-03-01,56
EMP-1111,2027-03-08,59
EMP-1111,2027-03-15,56
EMP-1111,2027-03-22,51
EMP-1112,2026-08-31,63
EMP-1112,2026-09-07,64
EMP-1112,2026-09-14,61
EMP-1112,2026-09-21,59
EMP-1112,2026-09-28,64
EMP-1112,2026-10-05,60
EMP-1112,2026-10-12,65
EMP-1112,2026-10-19,57
EMP-1112,2026-10-26,59
EMP-1112,2026-11-02,61
EMP-1112,2026-11-09,59
EMP-1112,2026-11-16,67
EMP-1112,2026-11-23,61
EMP-1112,2026-11-30,61
EMP-1112,2026-12-07,65
EMP-1112,2026-12-14,60
EMP-1112,2026-12-21,66
EMP-1112,2026-12-28,63
EMP-1112,2027-01-04,65
EMP-1112,2027-01-11,62
EMP-1112,2027-01-18,57
EMP-1112,2027-01-25,57
EMP-1112,2027-02-01,62
EMP-1112,2027-02-08,65
EMP-1112,2027-02-15,67
EMP-1112,2027-02-22,57
EMP-1112,2027-03-01,65
EMP-1112,2027-03-08,61
EMP-1112,2027-03-15,67
EMP-1112,2027-03-22,63
EMP-1113,2026-08-31,33
EMP-1113,2026-09-07,36
EMP-1113,2026-09-14,36
EMP-1113,2026-09-21,39
EMP-1113,2026-09-28,32
EMP-1113,2026-10-05,31
EMP-1113,2026-10-12,35
EMP-1113,2026-10-19,36
EMP-1113,2026-10-26,40
EMP-1113,2026-11-02,39
EMP-1113,2026-11-09,38
EMP-1113,2026-11-16,39
EMP-1113,2026-11-23,35
EMP-1113,2026-11-30,33
EMP-1113,2026-12-07,40
EMP-1113,2026-12-14,40
EMP-1113,2026-12-21,41
EMP-1113,2026-12-28,35
EMP-1113,2027-01-04,41
EMP-1113,2027-01-11,36
EMP-1113,2027-01-18,31
EMP-1113,2027-01-25,34
EMP-1113,2027-02-01,39
EMP-1113,2027-02-08,41
EMP-1113,2027-02-15,33
EMP-1113,2027-02-22,34
EMP-1113,2027-03-01,38
EMP-1113,2027-03-08,40
EMP-1113,2027-03-15,32
EMP-1113,2027-03-22,40
EMP-1114,2026-08-31,44
EMP-1114,2026-09-07,43
EMP-1114,2026-09-14,36
EMP-1114,2026-09-21,44
EMP-1114,2026-09-28,34
EMP-1114,2026-10-05,34
EMP-1114,2026-10-12,41
EMP-1114,2026-10-19,44
EMP-1114,2026-10-26,38
EMP-1114,2026-11-02,41
EMP-1114,2026-11-09,36
EMP-1114,2026-11-16,39
EMP-1114,2026-11-23,35
EMP-1114,2026-11-30,35
EMP-1114,2026-12-07,36
EMP-1114,2026-12-14,35
EMP-1114,2026-12-21,44
EMP-1114,2026-12-28,38
EMP-1114,2027-01-04,40
EMP-1114,2027-01-11,37
EMP-1114,2027-01-18,41
EMP-1114,2027-01-25,40
EMP-1114,2027-02-01,37
EMP-1114,2027-02-08,38
EMP-1114,2027-02-15,43
EMP-1114,2027-02-22,39
EMP-1114,2027-03-01,36
EMP-1114,2027-03-08,43
EMP-1114,2027-03-15,44
EMP-1114,2027-03-22,36
EMP-1115,2026-08-31,51
EMP-1115,2026-09-07,52
EMP-1115,2026-09-14,56
EMP-1115,2026-09-21,52
EMP-1115,2026-09-28,58
EMP-1115,2026-10-05,58
EMP-1115,2026-10-12,52
EMP-1115,2026-10-19,57
EMP-1115,2026-10-26,55
EMP-1115,2026-11-02,51
EMP-1115,2026-11-09,55
EMP-1115,2026-11-16,60
EMP-1115,2026-11-23,55
EMP-1115,2026-11-30,52
EMP-1115,2026-12-07,58
EMP-1115,2026-12-14,58
EMP-1115,2026-12-21,53
EMP-1115,2026-12-28,55
EMP-1115,2027-01-04,56
EMP-1115,2027-01-11,51
EMP-1115,2027-01-18,60
EMP-1115,2027-01-25,51
EMP-1115,2027-02-01,56
EMP-1115,2027-02-08,51
EMP-1115,2027-02-15,56
EMP-1115,2027-02-22,59
EMP-1115,2027-03-01,61
EMP-1115,2027-03-08,51
EMP-1115,2027-03-15,53
EMP-1115,2027-03-22,53
EMP-1116,2026-08-31,54
EMP-1116,2026-09-07,64
EMP-1116,2026-09-14,54
EMP-1116,2026-09-21,62
EMP-1116,2026-09-28,60
EMP-1116,2026-10-05,60
EMP-1116,2026-10-12,62
EMP-1116,2026-10-19,57
EMP-1116,2026-10-26,62
EMP-1116,2026-11-02,59
EMP-1116,2026-11-09,58
EMP-1116,2026-11-16,60
EMP-1116,2026-11-23,59
EMP-1116,2026-11-30,60
EMP-1116,2026-12-07,56
EMP-1116,2026-12-14,55
EMP-1116,2026-12-21,60
EMP-1116,2026-12-28,58
EMP-1116,2027-01-04,54
EMP-1116,2027-01-11,56
EMP-1116,2027-01-18,54
EMP-1116,2027-01-25,60
EMP-1116,2027-02-01,57
EMP-1116,2027-02-08,54
EMP-1116,2027-02-15,54
EMP-1116,2027-02-22,55
EMP-1116,2027-03-01,59
EMP-1116,2027-03-08,57
EMP-1116,2027-03-15,63
EMP-1116,2027-03-22,54
EMP-1117,2026-08-31,58
EMP-1117,2026-09-07,61
EMP-1117,2026-09-14,60
EMP-1117,2026-09-21,54
EMP-1117,2026-09-28,57
EMP-1117,2026-10-05,54
EMP-1117,2026-10-12,59
EMP-1117,2026-10-19,54
EMP-1117,2026-10-26,62
EMP-1117,2026-11-02,55
EMP-1117,2026-11-09,58
EMP-1117,2026-11-16,59
EMP-1117,2026-11-23,62
EMP-1117,2026-11-30,54
EMP-1117,2026-12-07,60
EMP-1117,2026-12-14,58
EMP-1117,2026-12-21,58
EMP-1117,2026-12-28,57
EMP-1117,2027-01-04,58
EMP-1117,2027-01-11,59
EMP-1117,2027-01-18,60
EMP-1117,2027-01-25,60
EMP-1117,2027-02-01,62
EMP-1117,2027-02-08,59
EMP-1117,2027-02-15,54
EMP-1117,2027-02-22,62
EMP-1117,2027-03-01,53
EMP-1117,2027-03-08,57
EMP-1117,2027-03-15,56
EMP-1117,2027-03-22,56
EMP-1118,2026-08-31,57
EMP-1118,2026-09-07,66
EMP-1118,2026-09-14,62
EMP-1118,2026-09-21,57
EMP-1118,2026-09-28,65
EMP-1118,2026-10-05,58
EMP-1118,2026-10-12,61
EMP-1118,2026-10-19,63
EMP-1118,2026-10-26,59
EMP-1118,2026-11-02,62
EMP-1118,2026-11-09,63
EMP-1118,2026-11-16,60
EMP-1118,2026-11-23,57
EMP-1118,2026-11-30,64
EMP-1118,2026-12-07,65
EMP-1118,2026-12-14,63
EMP-1118,2026-12-21,62
EMP-1118,2026-12-28,60
EMP-1118,2027-01-04,64
EMP-1118,2027-01-11,58
EMP-1118,2027-01-18,59
EMP-1118,2027-01-25,60
EMP-1118,2027-02-01,63
EMP-1118,2027-02-08,59
EMP-1118,2027-02-15,61
EMP-1118,2027-02-22,64
EMP-1118,2027-03-01,57
EMP-1118,2027-03-08,66
EMP-1118,2027-03-15,65
EMP-1118,2027-03-22,63
EMP-1119,2026-08-31,66
EMP-1119,2026-09-07,60
EMP-1119,2026-09-14,61
EMP-1119,2026-09-21,67
EMP-1119,2026-09-28,66
EMP-1119,2026-10-05,65
EMP-1119,2026-10-12,66
EMP-1119,2026-10-19,63
EMP-1119,2026-10-26,62
EMP-1119,2026-11-02,66
EMP-1119,2026-11-09,67
EMP-1119,2026-11-16,61
EMP-1119,2026-11-23,61
EMP-1119,2026-11-30,63
EMP-1119,2026-12-07,61
EMP-1119,2026-12-14,64
EMP-1119,2026-12-21,68
EMP-1119,2026-12-28,67
EMP-1119,2027-01-04,61
EMP-1119,2027-01-11,70
EMP-1119,2027-01-18,62
EMP-1119,2027-01-25,70
EMP-1119,2027-02-01,67
EMP-1119,2027-02-08,70
EMP-1119,2027-02-15,62
EMP-1119,2027-02-22,68
EMP-1119,2027-03-01,62
EMP-1119,2027-03-08,64
EMP-1119,2027-03-15,64
EMP-1119,2027-03-22,70
EMP-1120,2026-08-31,61
EMP-1120,2026-09-07,65
EMP-1120,2026-09-14,62
EMP-1120,2026-09-21,62
EMP-1120,2026-09-28,63
EMP-1120,2026-10-05,59
EMP-1120,2026-10-12,66
EMP-1120,2026-10-19,56
EMP-1120,2026-10-26,56
EMP-1120,2026-11-02,60
EMP-1120,2026-11-09,61
EMP-1120,2026-11-16,58
EMP-1120,2026-11-23,65
EMP-1120,2026-11-30,56
EMP-1120,2026-12-07,58
EMP-1120,2026-12-14,66
EMP-1120,2026-12-21,63
EMP-1120,2026-12-28,61
EMP-1120,2027-01-04,65
EMP-1120,2027-01-11,56
EMP-1120,2027-01-18,66
EMP-1120,2027-01-25,58
EMP-1120,2027-02-01,61
EMP-1120,2027-02-08,56
EMP-1120,2027-02-15,64
EMP-1120,2027-02-22,66
EMP-1120,2027-03-01,62
EMP-1120,2027-03-08,64
EMP-1120,2027-03-15,64
EMP-1120,2027-03-22,63
EMP-1121,2026-08-31,52
EMP-1121,2026-09-07,54
EMP-1121,2026-09-14,52
EMP-1121,2026-09-21,53
EMP-1121,2026-09-28,55
EMP-1121,2026-10-05,56
EMP-1121,2026-10-12,61
EMP-1121,2026-10-19,55
EMP-1121,2026-10-26,56
EMP-1121,2026-11-02,52
EMP-1121,2026-11-09,57
EMP-1121,2026-11-16,60
EMP-1121,2026-11-23,52
EMP-1121,2026-11-30,61
EMP-1121,2026-12-07,59
EMP-1121,2026-12-14,56
EMP-1121,2026-12-21,51
EMP-1121,2026-12-28,55
EMP-1121,2027-01-04,57
EMP-1121,2027-01-11,55
EMP-1121,2027-01-18,53
EMP-1121,2027-01-25,56
EMP-1121,2027-02-01,58
EMP-1121,2027-02-08,58
EMP-1121,2027-02-15,61
EMP-1121,2027-02-22,61
EMP-1121,2027-03-01,60
EMP-1121,2027-03-08,56
EMP-1121,2027-03-15,55
EMP-1121,2027-03-22,56
EMP-1122,2026-08-31,68
EMP-1122,2026-09-07,68
EMP-1122,2026-09-14,62
EMP-1122,2026-09-21,64
EMP-1122,2026-09-28,68
EMP-1122,2026-10-05,63
EMP-1122,2026-10-12,61
EMP-1122,2026-10-19,61
EMP-1122,2026-10-26,62
EMP-1122,2026-11-02,62
EMP-1122,2026-11-09,60
EMP-1122,2026-11-16,67
EMP-1122,2026-11-23,61
EMP-1122,2026-11-30,68
EMP-1122,2026-12-07,65
EMP-1122,2026-12-14,68
EMP-1122,2026-12-21,58
EMP-1122,2026-12-28,59
EMP-1122,2027-01-04,61
EMP-1122,2027-01-11,67
EMP-1122,2027-01-18,66
EMP-1122,2027-01-25,68
EMP-1122,2027-02-01,67
EMP-1122,2027-02-08,67
EMP-1122,2027-02-15,65
EMP-1122,2027-02-22,59
EMP-1122,2027-03-01,66
EMP-1122,2027-03-08,64
EMP-1122,2027-03-15,67
EMP-1122,2027-03-22,67
EMP-1123,2026-08-31,63
EMP-1123,2026-09-07,55
EMP-1123,2026-09-14,64
EMP-1123,2026-09-21,61
EMP-1123,2026-09-28,63
EMP-1123,2026-10-05,62
EMP-1123,2026-10-12,63
EMP-1123,2026-10-19,60
EMP-1123,2026-10-26,61
EMP-1123,2026-11-02,64
EMP-1123,2026-11-09,55
EMP-1123,2026-11-16,54
EMP-1123,2026-11-23,56
EMP-1123,2026-11-30,56
EMP-1123,2026-12-07,54
EMP-1123,2026-12-14,62
EMP-1123,2026-12-21,60
EMP-1123,2026-12-28,59
EMP-1123,2027-01-04,63
EMP-1123,2027-01-11,58
EMP-1123,2027-01-18,58
EMP-1123,2027-01-25,64
EMP-1123,2027-02-01,60
EMP-1123,2027-02-08,58
EMP-1123,2027-02-15,57
EMP-1123,2027-02-22,62
EMP-1123,2027-03-01,55
EMP-1123,2027-03-08,58
EMP-1123,2027-03-15,55
EMP-1123,2027-03-22,59
EMP-1124,2026-08-31,59
EMP-1124,2026-09-07,65
EMP-1124,2026-09-14,64
EMP-1124,2026-09-21,59
EMP-1124,2026-09-28,60
EMP-1124,2026-10-05,63
EMP-1124,2026-10-12,61
EMP-1124,2026-10-19,59
EMP-1124,2026-10-26,62
EMP-1124,2026-11-02,65
EMP-1124,2026-11-09,65
EMP-1124,2026-11-16,63
EMP-1124,2026-11-23,66
EMP-1124,2026-11-30,59
EMP-1124,2026-12-07,58
EMP-1124,2026-12-14,61
EMP-1124,2026-12-21,64
EMP-1124,2026-12-28,61
EMP-1124,2027-01-04,63
EMP-1124,2027-01-11,58
EMP-1124,2027-01-18,65
EMP-1124,2027-01-25,58
EMP-1124,2027-02-01,61
EMP-1124,2027-02-08,65
EMP-1124,2027-02-15,68
EMP-1124,2027-02-22,68
EMP-1124,2027-03-01,68
EMP-1124,2027-03-08,60
EMP-1124,2027-03-15,68
EMP-1124,2027-03-22,62
EMP-1125,2026-08-31,45
EMP-1125,2026-09-07,44
EMP-1125,2026-09-14,37
EMP-1125,2026-09-21,38
EMP-1125,2026-09-28,43
EMP-1125,2026-10-05,45
EMP-1125,2026-10-12,38
EMP-1125,2026-10-19,45
EMP-1125,2026-10-26,42
EMP-1125,2026-11-02,46
EMP-1125,2026-11-09,38
EMP-1125,2026-11-16,37
EMP-1125,2026-11-23,38
EMP-1125,2026-11-30,37
EMP-1125,2026-12-07,43
EMP-1125,2026-12-14,38
EMP-1125,2026-12-21,39
EMP-1125,2026-12-28,45
EMP-1125,2027-01-04,46
EMP-1125,2027-01-11,45
EMP-1125,2027-01-18,45
EMP-1125,2027-01-25,43
EMP-1125,2027-02-01,40
EMP-1125,2027-02-08,37
EMP-1125,2027-02-15,42
EMP-1125,2027-02-22,40
EMP-1125,2027-03-01,42
EMP-1125,2027-03-08,36
EMP-1125,2027-03-15,36
EMP-1125,2027-03-22,45
EMP-1126,2026-08-31,60
EMP-1126,2026-09-07,58
EMP-1126,2026-09-14,66
EMP-1126,2026-09-21,65
EMP-1126,2026-09-28,65
EMP-1126,2026-10-05,59
EMP-1126,2026-10-12,68
EMP-1126,2026-10-19,67
EMP-1126,2026-10-26,61
EMP-1126,2026-11-02,59
EMP-1126,2026-11-09,64
EMP-1126,2026-11-16,63
EMP-1126,2026-11-23,68
EMP-1126,2026-11-30,64
EMP-1126,2026-12-07,68
EMP-1126,2026-12-14,67
EMP-1126,2026-12-21,63
EMP-1126,2026-12-28,67
EMP-1126,2027-01-04,60
EMP-1126,2027-01-11,61
EMP-1126,2027-01-18,65
EMP-1126,2027-01-25,68
EMP-1126,2027-02-01,65
EMP-1126,2027-02-08,66
EMP-1126,2027-02-15,61
EMP-1126,2027-02-22,61
EMP-1126,2027-03-01,58
EMP-1126,2027-03-08,60
EMP-1126,2027-03-15,65
EMP-1126,2027-03-22,66
EMP-1127,2026-08-31,57
EMP-1127,2026-09-07,61
EMP-1127,2026-09-14,60
EMP-1127,2026-09-21,66
EMP-1127,2026-09-28,60
EMP-1127,2026-10-05,64
EMP-1127,2026-10-12,57
EMP-1127,2026-10-19,60
EMP-1127,2026-10-26,57
EMP-1127,2026-11-02,60
EMP-1127,2026-11-09,63
EMP-1127,2026-11-16,64
EMP-1127,2026-11-23,61
EMP-1127,2026-11-30,64
EMP-1127,2026-12-07,65
EMP-1127,2026-12-14,67
EMP-1127,2026-12-21,57
EMP-1127,2026-12-28,64
EMP-1127,2027-01-04,67
EMP-1127,2027-01-11,61
EMP-1127,2027-01-18,67
EMP-1127,2027-01-25,57
EMP-1127,2027-02-01,57
EMP-1127,2027-02-08,59
EMP-1127,2027-02-15,66
EMP-1127,2027-02-22,61
EMP-1127,2027-03-01,60
EMP-1127,2027-03-08,66
EMP-1127,2027-03-15,60
EMP-1127,2027-03-22,61
EMP-1128,2026-08-31,41
EMP-1128,2026-09-07,33
EMP-1128,2026-09-14,34
EMP-1128,2026-09-21,40
EMP-1128,2026-09-28,38
EMP-1128,2026-10-05,34
EMP-1128,2026-10-12,35
EMP-1128,2026-10-19,33
EMP-1128,2026-10-26,32
EMP-1128,2026-11-02,41
EMP-1128,2026-11-09,32
EMP-1128,2026-11-16,37
EMP-1128,2026-11-23,35
EMP-1128,2026-11-30,34
EMP-1128,2026-12-07,40
EMP-1128,2026-12-14,35
EMP-1128,2026-12-21,39
EMP-1128,2026-12-28,40
EMP-1128,2027-01-04,33
EMP-1128,2027-01-11,33
EMP-1128,2027-01-18,33
EMP-1128,2027-01-25,41
EMP-1128,2027-02-01,38
EMP-1128,2027-02-08,34
EMP-1128,2027-02-15,35
EMP-1128,2027-02-22,33
EMP-1128,2027-03-01,40
EMP-1128,2027-03-08,41
EMP-1128,2027-03-15,37
EMP-1128,2027-03-22,38
EMP-1129,2026-08-31,55
EMP-1129,2026-09-07,57
EMP-1129,2026-09-14,47
EMP-1129,2026-09-21,53
EMP-1129,2026-09-28,52
EMP-1129,2026-10-05,57
EMP-1129,2026-10-12,53
EMP-1129,2026-10-19,56
EMP-1129,2026-10-26,48
EMP-1129,2026-11-02,52
EMP-1129,2026-11-09,53
EMP-1129,2026-11-16,54
EMP-1129,2026-11-23,51
EMP-1129,2026-11-30,53
EMP-1129,2026-12-07,47
EMP-1129,2026-12-14,53
EMP-1129,2026-12-21,47
EMP-1129,2026-12-28,48
EMP-1129,2027-01-04,51
EMP-1129,2027-01-11,53
EMP-1129,2027-01-18,56
EMP-1129,2027-01-25,48
EMP-1129,2027-02-01,55
EMP-1129,2027-02-08,53
EMP-1129,2027-02-15,55
EMP-1129,2027-02-22,47
EMP-1129,2027-03-01,50
EMP-1129,2027-03-08,52
EMP-1129,2027-03-15,56
EMP-1129,2027-03-22,49
EMP-1130,2026-08-31,61
EMP-1130,2026-09-07,68
EMP-1130,2026-09-14,68
EMP-1130,2026-09-21,65
EMP-1130,2026-09-28,63
EMP-1130,2026-10-05,60
EMP-1130,2026-10-12,66
EMP-1130,2026-10-19,61
EMP-1130,2026-10-26,66
EMP-1130,2026-11-02,68
EMP-1130,2026-11-09,67
EMP-1130,2026-11-16,65
EMP-1130,2026-11-23,65
EMP-1130,2026-11-30,70
EMP-1130,2026-12-07,60
EMP-1130,2026-12-14,64
EMP-1130,2026-12-21,65
EMP-1130,2026-12-28,68
EMP-1130,2027-01-04,65
EMP-1130,2027-01-11,67
EMP-1130,2027-01-18,61
EMP-1130,2027-01-25,60
EMP-1130,2027-02-01,63
EMP-1130,2027-02-08,70
EMP-1130,2027-02-15,69
EMP-1130,2027-02-22,66
EMP-1130,2027-03-01,68
EMP-1130,2027-03-08,61
EMP-1130,2027-03-15,66
EMP-1130,2027-03-22,65
EMP-1131,2026-08-31,62
EMP-1131,2026-09-07,56
EMP-1131,2026-09-14,64
EMP-1131,2026-09-21,58
EMP-1131,2026-09-28,61
EMP-1131,2026-10-05,54
EMP-1131,2026-10-12,55
EMP-1131,2026-10-19,59
EMP-1131,2026-10-26,55
EMP-1131,2026-11-02,58
EMP-1131,2026-11-09,63
EMP-1131,2026-11-16,62
EMP-1131,2026-11-23,63
EMP-1131,2026-11-30,59
EMP-1131,2026-12-07,54
EMP-1131,2026-12-14,59
EMP-1131,2026-12-21,64
EMP-1131,2026-12-28,58
EMP-1131,2027-01-04,55
EMP-1131,2027-01-11,54
EMP-1131,2027-01-18,54
EMP-1131,2027-01-25,54
EMP-1131,2027-02-01,55
EMP-1131,2027-02-08,55
EMP-1131,2027-02-15,58
EMP-1131,2027-02-22,61
EMP-1131,2027-03-01,63
EMP-1131,2027-03-08,59
EMP-1131,2027-03-15,59
EMP-1131,2027-03-22,64
EMP-1132,2026-08-31,61
EMP-1132,2026-09-07,60
EMP-1132,2026-09-14,52
EMP-1132,2026-09-21,56
EMP-1132,2026-09-28,57
EMP-1132,2026-10-05,62
EMP-1132,2026-10-12,60
EMP-1132,2026-10-19,62
EMP-1132,2026-10-26,62
EMP-1132,2026-11-02,61
EMP-1132,2026-11-09,53
EMP-1132,2026-11-16,52
EMP-1132,2026-11-23,59
EMP-1132,2026-11-30,57
EMP-1132,2026-12-07,61
EMP-1132,2026-12-14,56
EMP-1132,2026-12-21,55
EMP-1132,2026-12-28,61
EMP-1132,2027-01-04,52
EMP-1132,2027-01-11,54
EMP-1132,2027-01-18,52
EMP-1132,2027-01-25,53
EMP-1132,2027-02-01,56
EMP-1132,2027-02-08,61
EMP-1132,2027-02-15,53
EMP-1132,2027-02-22,57
EMP-1132,2027-03-01,59
EMP-1132,2027-03-08,62
EMP-1132,2027-03-15,62
EMP-1132,2027-03-22,60
EMP-1133,2026-08-31,50
EMP-1133,2026-09-07,56
EMP-1133,2026-09-14,55
EMP-1133,2026-09-21,57
EMP-1133,2026-09-28,55
EMP-1133,2026-10-05,55
EMP-1133,2026-10-12,52
EMP-1133,2026-10-19,57
EMP-1133,2026-10-26,53
EMP-1133,2026-11-02,59
EMP-1133,2026-11-09,51
EMP-1133,2026-11-16,55
EMP-1133,2026-11-23,56
EMP-1133,2026-11-30,57
EMP-1133,2026-12-07,53
EMP-1133,2026-12-14,57
EMP-1133,2026-12-21,57
EMP-1133,2026-12-28,59
EMP-1133,2027-01-04,49
EMP-1133,2027-01-11,59
EMP-1133,2027-01-18,56
EMP-1133,2027-01-25,50
EMP-1133,2027-02-01,56
EMP-1133,2027-02-08,54
EMP-1133,2027-02-15,51
EMP-1133,2027-02-22,51
EMP-1133,2027-03-01,59
EMP-1133,2027-03-08,58
EMP-1133,2027-03-15,58
EMP-1133,2027-03-22,58
EMP-1134,2026-08-31,54
EMP-1134,2026-09-07,52
EMP-1134,2026-09-14,49
EMP-1134,2026-09-21,48
EMP-1134,2026-09-28,51
EMP-1134,2026-10-05,55
EMP-1134,2026-10-12,51
EMP-1134,2026-10-19,57
EMP-1134,2026-10-26,52
EMP-1134,2026-11-02,48
EMP-1134,2026-11-09,52
EMP-1134,2026-11-16,49
EMP-1134,2026-11-23,54
EMP-1134,2026-11-30,56
EMP-1134,2026-12-07,56
EMP-1134,2026-12-14,52
EMP-1134,2026-12-21,53
EMP-1134,2026-12-28,47
EMP-1134,2027-01-04,49
EMP-1134,2027-01-11,49
EMP-1134,2027-01-18,57
EMP-1134,2027-01-25,57
EMP-1134,2027-02-01,55
EMP-1134,2027-02-08,47
EMP-1134,2027-02-15,47
EMP-1134,2027-02-22,47
EMP-1134,2027-03-01,48
EMP-1134,2027-03-08,47
EMP-1134,2027-03-15,47
EMP-1134,2027-03-22,47
EMP-1135,2026-08-31,55
EMP-1135,2026-09-07,62
EMP-1135,2026-09-14,62
EMP-1135,2026-09-21,58
EMP-1135,2026-09-28,53
EMP-1135,2026-10-05,54
EMP-1135,2026-10-12,60
EMP-1135,2026-10-19,57
EMP-1135,2026-10-26,60
EMP-1135,2026-11-02,63
EMP-1135,2026-11-09,59
EMP-1135,2026-11-16,62
EMP-1135,2026-11-23,63
EMP-1135,2026-11-30,54
EMP-1135,2026-12-07,57
EMP-1135,2026-12-14,58
EMP-1135,2026-12-21,62
EMP-1135,2026-12-28,55
EMP-1135,2027-01-04,63
EMP-1135,2027-01-11,61
EMP-1135,2027-01-18,53
EMP-1135,2027-01-25,53
EMP-1135,2027-02-01,55
EMP-1135,2027-02-08,59
EMP-1135,2027-02-15,54
EMP-1135,2027-02-22,57
EMP-1135,2027-03-01,55
EMP-1135,2027-03-08,59
EMP-1135,2027-03-15,63
EMP-1135,2027-03-22,58
EMP-1136,2026-08-31,45
EMP-1136,2026-09-07,45
EMP-1136,2026-09-14,37
EMP-1136,2026-09-21,37
EMP-1136,2026-09-28,37
EMP-1136,2026-10-05,38
EMP-1136,2026-10-12,42
EMP-1136,2026-10-19,44
EMP-1136,2026-10-26,38
EMP-1136,2026-11-02,36
EMP-1136,2026-11-09,43
EMP-1136,2026-11-16,38
EMP-1136,2026-11-23,35
EMP-1136,2026-11-30,45
EMP-1136,2026-12-07,36
EMP-1136,2026-12-14,44
EMP-1136,2026-12-21,44
EMP-1136,2026-12-28,45
EMP-1136,2027-01-04,40
EMP-1136,2027-01-11,43
EMP-1136,2027-01-18,41
EMP-1136,2027-01-25,40
EMP-1136,2027-02-01,43
EMP-1136,2027-02-08,43
EMP-1136,2027-02-15,44
EMP-1136,2027-02-22,42
EMP-1136,2027-03-01,40
EMP-1136,2027-03-08,45
EMP-1136,2027-03-15,37
EMP-1136,2027-03-22,39
EMP-1137,2026-08-31,70
EMP-1137,2026-09-07,69
EMP-1137,2026-09-14,65
EMP-1137,2026-09-21,64
EMP-1137,2026-09-28,68
EMP-1137,2026-10-05,69
EMP-1137,2026-10-12,62
EMP-1137,2026-10-19,70
EMP-1137,2026-10-26,62
EMP-1137,2026-11-02,66
EMP-1137,2026-11-09,65
EMP-1137,2026-11-16,62
EMP-1137,2026-11-23,61
EMP-1137,2026-11-30,61
EMP-1137,2026-12-07,68
EMP-1137,2026-12-14,69
EMP-1137,2026-12-21,64
EMP-1137,2026-12-28,70
EMP-1137,2027-01-04,70
EMP-1137,2027-01-11,68
EMP-1137,2027-01-18,63
EMP-1137,2027-01-25,70
EMP-1137,2027-02-01,63
EMP-1137,2027-02-08,65
EMP-1137,2027-02-15,70
EMP-1137,2027-02-22,64
EMP-1137,2027-03-01,66
EMP-1137,2027-03-08,67
EMP-1137,2027-03-15,67
EMP-1137,2027-03-22,63
EMP-1138,2026-08-31,68
EMP-1138,2026-09-07,58
EMP-1138,2026-09-14,67
EMP-1138,2026-09-21,63
EMP-1138,2026-09-28,62
EMP-1138,2026-10-05,68
EMP-1138,2026-10-12,65
EMP-1138,2026-10-19,60
EMP-1138,2026-10-26,58
EMP-1138,2026-11-02,63
EMP-1138,2026-11-09,58
EMP-1138,2026-11-16,63
EMP-1138,2026-11-23,60
EMP-1138,2026-11-30,60
EMP-1138,2026-12-07,63
EMP-1138,2026-12-14,64
EMP-1138,2026-12-21,59
EMP-1138,2026-12-28,64
EMP-1138,2027-01-04,62
EMP-1138,2027-01-11,62
EMP-1138,2027-01-18,58
EMP-1138,2027-01-25,62
EMP-1138,2027-02-01,61
EMP-1138,2027-02-08,60
EMP-1138,2027-02-15,61
EMP-1138,2027-02-22,59
EMP-1138,2027-03-01,64
EMP-1138,2027-03-08,58
EMP-1138,2027-03-15,58
EMP-1138,2027-03-22,63
EMP-1139,2026-08-31,44
EMP-1139,2026-09-07,43
EMP-1139,2026-09-14,46
EMP-1139,2026-09-21,42
EMP-1139,2026-09-28,49
EMP-1139,2026-10-05,50
EMP-1139,2026-10-12,47
EMP-1139,2026-10-19,51
EMP-1139,2026-10-26,50
EMP-1139,2026-11-02,42
EMP-1139,2026-11-09,46
EMP-1139,2026-11-16,45
EMP-1139,2026-11-23,44
EMP-1139,2026-11-30,50
EMP-1139,2026-12-07,48
EMP-1139,2026-12-14,45
EMP-1139,2026-12-21,47
EMP-1139,2026-12-28,51
EMP-1139,2027-01-04,49
EMP-1139,2027-01-11,43
EMP-1139,2027-01-18,46
EMP-1139,2027-01-25,45
EMP-1139,2027-02-01,42
EMP-1139,2027-02-08,45
EMP-1139,2027-02-15,51
EMP-1139,2027-02-22,46
EMP-1139,2027-03-01,48
EMP-1139,2027-03-08,47
EMP-1139,2027-03-15,42
EMP-1139,2027-03-22,42
EMP-1140,2026-08-31,49
EMP-1140,2026-09-07,48
EMP-1140,2026-09-14,57
EMP-1140,2026-09-21,48
EMP-1140,2026-09-28,55
EMP-1140,2026-10-05,50
EMP-1140,2026-10-12,58
EMP-1140,2026-10-19,58
EMP-1140,2026-10-26,52
EMP-1140,2026-11-02,53
EMP-1140,2026-11-09,56
EMP-1140,2026-11-16,58
EMP-1140,2026-11-23,54
EMP-1140,2026-11-30,49
EMP-1140,2026-12-07,51
EMP-1140,2026-12-14,54
EMP-1140,2026-12-21,53
EMP-1140,2026-12-28,58
EMP-1140,2027-01-04,53
EMP-1140,2027-01-11,55
EMP-1140,2027-01-18,52
EMP-1140,2027-01-25,57
EMP-1140,2027-02-01,58
EMP-1140,2027-02-08,55
EMP-1140,2027-02-15,52
EMP-1140,2027-02-22,51
EMP-1140,2027-03-01,52
EMP-1140,2027-03-08,54
EMP-1140,2027-03-15,56
EMP-1140,2027-03-22,58
EMP-1141,2026-08-31,55
EMP-1141,2026-09-07,58
EMP-1141,2026-09-14,56
EMP-1141,2026-09-21,62
EMP-1141,2026-09-28,64
EMP-1141,2026-10-05,56
EMP-1141,2026-10-12,59
EMP-1141,2026-10-19,64
EMP-1141,2026-10-26,62
EMP-1141,2026-11-02,62
EMP-1141,2026-11-09,64
EMP-1141,2026-11-16,57
EMP-1141,2026-11-23,54
EMP-1141,2026-11-30,63
EMP-1141,2026-12-07,64
EMP-1141,2026-12-14,59
EMP-1141,2026-12-21,63
EMP-1141,2026-12-28,64
EMP-1141,2027-01-04,64
EMP-1141,2027-01-11,58
EMP-1141,2027-01-18,55
EMP-1141,2027-01-25,56
EMP-1141,2027-02-01,54
EMP-1141,2027-02-08,57
EMP-1141,2027-02-15,64
EMP-1141,2027-02-22,57
EMP-1141,2027-03-01,58
EMP-1141,2027-03-08,63
EMP-1141,2027-03-15,63
EMP-1141,2027-03-22,56
EMP-1142,2026-08-31,56
EMP-1142,2026-09-07,58
EMP-1142,2026-09-14,58
EMP-1142,2026-09-21,54
EMP-1142,2026-09-28,54
EMP-1142,2026-10-05,53
EMP-1142,2026-10-12,54
EMP-1142,2026-10-19,56
EMP-1142,2026-10-26,55
EMP-1142,2026-11-02,54
EMP-1142,2026-11-09,50
EMP-1142,2026-11-16,58
EMP-1142,2026-11-23,56
EMP-1142,2026-11-30,59
EMP-1142,2026-12-07,54
EMP-1142,2026-12-14,51
EMP-1142,2026-12-21,51
EMP-1142,2026-12-28,50
EMP-1142,2027-01-04,51
EMP-1142,2027-01-11,54
EMP-1142,2027-01-18,57
EMP-1142,2027-01-25,52
EMP-1142,2027-02-01,51
EMP-1142,2027-02-08,52
EMP-1142,2027-02-15,51
EMP-1142,2027-02-22,53
EMP-1142,2027-03-01,50
EMP-1142,2027-03-08,55
EMP-1142,2027-03-15,58
EMP-1142,2027-03-22,56
EMP-1143,2026-08-31,55
EMP-1143,2026-09-07,58
EMP-1143,2026-09-14,57
EMP-1143,2026-09-21,49
EMP-1143,2026-09-28,50
EMP-1143,2026-10-05,53
EMP-1143,2026-10-12,57
EMP-1143,2026-10-19,49
EMP-1143,2026-10-26,58
EMP-1143,2026-11-02,55
EMP-1143,2026-11-09,56
EMP-1143,2026-11-16,53
EMP-1143,2026-11-23,51
EMP-1143,2026-11-30,50
EMP-1143,2026-12-07,59
EMP-1143,2026-12-14,55
EMP-1143,2026-12-21,56
EMP-1143,2026-12-28,59
EMP-1143,2027-01-04,51
EMP-1143,2027-01-11,57
EMP-1143,2027-01-18,57
EMP-1143,2027-01-25,57
EMP-1143,2027-02-01,58
EMP-1143,2027-02-08,49
EMP-1143,2027-02-15,58
EMP-1143,2027-02-22,59
EMP-1143,2027-03-01,59
EMP-1143,2027-03-08,59
EMP-1143,2027-03-15,53
EMP-1143,2027-03-22,52
EMP-1144,2026-08-31,43
EMP-1144,2026-09-07,40
EMP-1144,2026-09-14,50
EMP-1144,2026-09-21,49
EMP-1144,2026-09-28,40
EMP-1144,2026-10-05,40
EMP-1144,2026-10-12,50
EMP-1144,2026-10-19,45
EMP-1144,2026-10-26,47
EMP-1144,2026-11-02,47
EMP-1144,2026-11-09,43
EMP-1144,2026-11-16,46
EMP-1144,2026-11-23,43
EMP-1144,2026-11-30,48
EMP-1144,2026-12-07,45
EMP-1144,2026-12-14,42
EMP-1144,2026-12-21,49
EMP-1144,2026-12-28,40
EMP-1144,2027-01-04,47
EMP-1144,2027-01-11,44
EMP-1144,2027-01-18,46
EMP-1144,2027-01-25,50
EMP-1144,2027-02-01,41
EMP-1144,2027-02-08,46
EMP-1144,2027-02-15,50
EMP-1144,2027-02-22,43
EMP-1144,2027-03-01,50
EMP-1144,2027-03-08,43
EMP-1144,2027-03-15,50
EMP-1144,2027-03-22,43
EMP-1145,2026-08-31,67
EMP-1145,2026-09-07,66
EMP-1145,2026-09-14,63
EMP-1145,2026-09-21,63
EMP-1145,2026-09-28,64
EMP-1145,2026-10-05,63
EMP-1145,2026-10-12,61
EMP-1145,2026-10-19,66
EMP-1145,2026-10-26,68
EMP-1145,2026-11-02,62
EMP-1145,2026-11-09,61
EMP-1145,2026-11-16,67
EMP-1145,2026-11-23,63
EMP-1145,2026-11-30,64
EMP-1145,2026-12-07,60
EMP-1145,2026-12-14,59
EMP-1145,2026-12-21,68
EMP-1145,2026-12-28,66
EMP-1145,2027-01-04,59
EMP-1145,2027-01-11,66
EMP-1145,2027-01-18,67
EMP-1145,2027-01-25,63
EMP-1145,2027-02-01,61
EMP-1145,2027-02-08,66
EMP-1145,2027-02-15,60
EMP-1145,2027-02-22,64
EMP-1145,2027-03-01,67
EMP-1145,2027-03-08,58
EMP-1145,2027-03-15,60
EMP-1145,2027-03-22,65
EMP-1146,2026-08-31,57
EMP-1146,2026-09-07,55
EMP-1146,2026-09-14,52
EMP-1146,2026-09-21,53
EMP-1146,2026-09-28,56
EMP-1146,2026-10-05,51
EMP-1146,2026-10-12,54
EMP-1146,2026-10-19,52
EMP-1146,2026-10-26,52
EMP-1146,2026-11-02,51
EMP-1146,2026-11-09,54
EMP-1146,2026-11-16,60
EMP-1146,2026-11-23,59
EMP-1146,2026-11-30,57
EMP-1146,2026-12-07,54
EMP-1146,2026-12-14,50
EMP-1146,2026-12-21,57
EMP-1146,2026-12-28,50
EMP-1146,2027-01-04,50
EMP-1146,2027-01-11,52
EMP-1146,2027-01-18,59
EMP-1146,2027-01-25,50
EMP-1146,2027-02-01,53
EMP-1146,2027-02-08,57
EMP-1146,2027-02-15,55
EMP-1146,2027-02-22,55
EMP-1146,2027-03-01,52
EMP-1146,2027-03-08,54
EMP-1146,2027-03-15,60
EMP-1146,2027-03-22,55
EMP-1147,2026-08-31,70
EMP-1147,2026-09-07,64
EMP-1147,2026-09-14,70
EMP-1147,2026-09-21,70
EMP-1147,2026-09-28,70
EMP-1147,2026-10-05,66
EMP-1147,2026-10-12,64
EMP-1147,2026-10-19,64
EMP-1147,2026-10-26,65
EMP-1147,2026-11-02,63
EMP-1147,2026-11-09,67
EMP-1147,2026-11-16,65
EMP-1147,2026-11-23,66
EMP-1147,2026-11-30,65
EMP-1147,2026-12-07,67
EMP-1147,2026-12-14,68
EMP-1147,2026-12-21,64
EMP-1147,2026-12-28,64
EMP-1147,2027-01-04,66
EMP-1147,2027-01-11,66
EMP-1147,2027-01-18,67
EMP-1147,2027-01-25,63
EMP-1147,2027-02-01,70
EMP-1147,2027-02-08,64
EMP-1147,2027-02-15,68
EMP-1147,2027-02-22,65
EMP-1147,2027-03-01,66
EMP-1147,2027-03-08,65
EMP-1147,2027-03-15,63
EMP-1147,2027-03-22,69
EMP-1148,2026-08-31,60
EMP-1148,2026-09-07,59
EMP-1148,2026-09-14,60
EMP-1148,2026-09-21,57
EMP-1148,2026-09-28,56
EMP-1148,2026-10-05,55
EMP-1148,2026-10-12,57
EMP-1148,2026-10-19,53
EMP-1148,2026-10-26,58
EMP-1148,2026-11-02,54
EMP-1148,2026-11-09,58
EMP-1148,2026-11-16,59
EMP-1148,2026-11-23,57
EMP-1148,2026-11-30,58
EMP-1148,2026-12-07,52
EMP-1148,2026-12-14,61
EMP-1148,2026-12-21,62
EMP-1148,2026-12-28,62
EMP-1148,2027-01-04,55
EMP-1148,2027-01-11,62
EMP-1148,2027-01-18,54
EMP-1148,2027-01-25,61
EMP-1148,2027-02-01,56
EMP-1148,2027-02-08,59
EMP-1148,2027-02-15,54
EMP-1148,2027-02-22,59
EMP-1148,2027-03-01,54
EMP-1148,2027-03-08,58
EMP-1148,2027-03-15,53
EMP-1148,2027-03-22,53
EMP-1149,2026-08-31,36
EMP-1149,2026-09-07,34
EMP-1149,2026-09-14,37
EMP-1149,2026-09-21,34
EMP-1149,2026-09-28,35
EMP-1149,2026-10-05,42
EMP-1149,2026-10-12,34
EMP-1149,2026-10-19,33
EMP-1149,2026-10-26,40
EMP-1149,2026-11-02,34
EMP-1149,2026-11-09,38
EMP-1149,2026-11-16,37
EMP-1149,2026-11-23,36
EMP-1149,2026-11-30,39
EMP-1149,2026-12-07,35
EMP-1149,2026-12-14,40
EMP-1149,2026-12-21,40
EMP-1149,2026-12-28,34
EMP-1149,2027-01-04,35
EMP-1149,2027-01-11,35
EMP-1149,2027-01-18,33
EMP-1149,2027-01-25,38
EMP-1149,2027-02-01,35
EMP-1149,2027-02-08,39
EMP-1149,2027-02-15,36
EMP-1149,2027-02-22,34
EMP-1149,2027-03-01,35
EMP-1149,2027-03-08,42
EMP-1149,2027-03-15,41
EMP-1149,2027-03-22,42
EMP-1150,2026-08-31,58
EMP-1150,2026-09-07,55
EMP-1150,2026-09-14,58
EMP-1150,2026-09-21,53
EMP-1150,2026-09-28,58
EMP-1150,2026-10-05,53
EMP-1150,2026-10-12,57
EMP-1150,2026-10-19,51
EMP-1150,2026-10-26,53
EMP-1150,2026-11-02,50
EMP-1150,2026-11-09,54
EMP-1150,2026-11-16,56
EMP-1150,2026-11-23,52
EMP-1150,2026-11-30,52
EMP-1150,2026-12-07,57
EMP-1150,2026-12-14,53
EMP-1150,2026-12-21,57
EMP-1150,2026-12-28,53
EMP-1150,2027-01-04,56
EMP-1150,2027-01-11,59
EMP-1150,2027-01-18,51
EMP-1150,2027-01-25,50
EMP-1150,2027-02-01,52
EMP-1150,2027-02-08,55
EMP-1150,2027-02-15,57
EMP-1150,2027-02-22,54
EMP-1150,2027-03-01,51
EMP-1150,2027-03-08,55
EMP-1150,2027-03-15,58
EMP-1150,2027-03-22,50
EMP-1151,2026-08-31,59
EMP-1151,2026-09-07,57
EMP-1151,2026-09-14,58
EMP-1151,2026-09-21,53
EMP-1151,2026-09-28,60
EMP-1151,2026-10-05,57
EMP-1151,2026-10-12,51
EMP-1151,2026-10-19,60
EMP-1151,2026-10-26,59
EMP-1151,2026-11-02,52
EMP-1151,2026-11-09,54
EMP-1151,2026-11-16,61
EMP-1151,2026-11-23,55
EMP-1151,2026-11-30,60
EMP-1151,2026-12-07,60
EMP-1151,2026-12-14,59
EMP-1151,2026-12-21,53
EMP-1151,2026-12-28,52
EMP-1151,2027-01-04,57
EMP-1151,2027-01-11,52
EMP-1151,2027-01-18,61
EMP-1151,2027-01-25,58
EMP-1151,2027-02-01,51
EMP-1151,2027-02-08,55
EMP-1151,2027-02-15,52
EMP-1151,2027-02-22,58
EMP-1151,2027-03-01,57
EMP-1151,2027-03-08,51
EMP-1151,2027-03-15,54
EMP-1151,2027-03-22,61
EMP-1152,2026-08-31,39
EMP-1152,2026-09-07,45
EMP-1152,2026-09-14,42
EMP-1152,2026-09-21,44
EMP-1152,2026-09-28,37
EMP-1152,2026-10-05,40
EMP-1152,2026-10-12,42
EMP-1152,2026-10-19,42
EMP-1152,2026-10-26,43
EMP-1152,2026-11-02,38
EMP-1152,2026-11-09,43
EMP-1152,2026-11-16,40
EMP-1152,2026-11-23,37
EMP-1152,2026-11-30,42
EMP-1152,2026-12-07,47
EMP-1152,2026-12-14,37
EMP-1152,2026-12-21,37
EMP-1152,2026-12-28,47
EMP-1152,2027-01-04,40
EMP-1152,2027-01-11,47
EMP-1152,2027-01-18,41
EMP-1152,2027-01-25,37
EMP-1152,2027-02-01,41
EMP-1152,2027-02-08,44
EMP-1152,2027-02-15,43
EMP-1152,2027-02-22,42
EMP-1152,2027-03-01,38
EMP-1152,2027-03-08,38
EMP-1152,2027-03-15,44
EMP-1152,2027-03-22,42
EMP-1153,2026-08-31,33
EMP-1153,2026-09-07,36
EMP-1153,2026-09-14,32
EMP-1153,2026-09-21,38
EMP-1153,2026-09-28,40
EMP-1153,2026-10-05,41
EMP-1153,2026-10-12,35
EMP-1153,2026-10-19,34
EMP-1153,2026-10-26,42
EMP-1153,2026-11-02,36
EMP-1153,2026-11-09,38
EMP-1153,2026-11-16,37
EMP-1153,2026-11-23,36
EMP-1153,2026-11-30,40
EMP-1153,2026-12-07,42
EMP-1153,2026-12-14,41
EMP-1153,2026-12-21,33
EMP-1153,2026-12-28,35
EMP-1153,2027-01-04,37
EMP-1153,2027-01-11,38
EMP-1153,2027-01-18,37
EMP-1153,2027-01-25,35
EMP-1153,2027-02-01,33
EMP-1153,2027-02-08,34
EMP-1153,2027-02-15,34
EMP-1153,2027-02-22,37
EMP-1153,2027-03-01,42
EMP-1153,2027-03-08,40
EMP-1153,2027-03-15,38
EMP-1153,2027-03-22,40
EMP-1154,2026-08-31,50
EMP-1154,2026-09-07,59
EMP-1154,2026-09-14,57
EMP-1154,2026-09-21,57
EMP-1154,2026-09-28,51
EMP-1154,2026-10-05,51
EMP-1154,2026-10-12,56
EMP-1154,2026-10-19,50
EMP-1154,2026-10-26,58
EMP-1154,2026-11-02,51
EMP-1154,2026-11-09,55
EMP-1154,2026-11-16,52
EMP-1154,2026-11-23,52
EMP-1154,2026-11-30,51
EMP-1154,2026-12-07,56
EMP-1154,2026-12-14,50
EMP-1154,2026-12-21,52
EMP-1154,2026-12-28,54
EMP-1154,2027-01-04,56
EMP-1154,2027-01-11,52
EMP-1154,2027-01-18,58
EMP-1154,2027-01-25,54
EMP-1154,2027-02-01,51
EMP-1154,2027-02-08,50
EMP-1154,2027-02-15,53
EMP-1154,2027-02-22,55
EMP-1154,2027-03-01,52
EMP-1154,2027-03-08,52
EMP-1154,2027-03-15,59
EMP-1154,2027-03-22,56
EMP-1155,2026-08-31,39
EMP-1155,2026-09-07,36
EMP-1155,2026-09-14,41
EMP-1155,2026-09-21,35
EMP-1155,2026-09-28,35
EMP-1155,2026-10-05,31
EMP-1155,2026-10-12,39
EMP-1155,2026-10-19,41
EMP-1155,2026-10-26,39
EMP-1155,2026-11-02,33
EMP-1155,2026-11-09,33
EMP-1155,2026-11-16,41
EMP-1155,2026-11-23,41
EMP-1155,2026-11-30,35
EMP-1155,2026-12-07,40
EMP-1155,2026-12-14,39
EMP-1155,2026-12-21,31
EMP-1155,2026-12-28,33
EMP-1155,2027-01-04,31
EMP-1155,2027-01-11,34
EMP-1155,2027-01-18,31
EMP-1155,2027-01-25,37
EMP-1155,2027-02-01,39
EMP-1155,2027-02-08,38
EMP-1155,2027-02-15,35
EMP-1155,2027-02-22,39
EMP-1155,2027-03-01,36
EMP-1155,2027-03-08,38
EMP-1155,2027-03-15,35
EMP-1155,2027-03-22,34
EMP-1156,2026-08-31,51
EMP-1156,2026-09-07,53
EMP-1156,2026-09-14,58
EMP-1156,2026-09-21,53
EMP-1156,2026-09-28,58
EMP-1156,2026-10-05,60
EMP-1156,2026-10-12,56
EMP-1156,2026-10-19,52
EMP-1156,2026-10-26,55
EMP-1156,2026-11-02,59
EMP-1156,2026-11-09,57
EMP-1156,2026-11-16,52
EMP-1156,2026-11-23,54
EMP-1156,2026-11-30,50
EMP-1156,2026-12-07,60
EMP-1156,2026-12-14,58
EMP-1156,2026-12-21,51
EMP-1156,2026-12-28,60
EMP-1156,2027-01-04,50
EMP-1156,2027-01-11,53
EMP-1156,2027-01-18,54
EMP-1156,2027-01-25,60
EMP-1156,2027-02-01,52
EMP-1156,2027-02-08,54
EMP-1156,2027-02-15,53
EMP-1156,2027-02-22,51
EMP-1156,2027-03-01,52
EMP-1156,2027-03-08,54
EMP-1156,2027-03-15,58
EMP-1156,2027-03-22,57
EMP-1157,2026-08-31,66
EMP-1157,2026-09-07,65
EMP-1157,2026-09-14,58
EMP-1157,2026-09-21,64
EMP-1157,2026-09-28,65
EMP-1157,2026-10-05,63
EMP-1157,2026-10-12,65
EMP-1157,2026-10-19,63
EMP-1157,2026-10-26,63
EMP-1157,2026-11-02,64
EMP-1157,2026-11-09,67
EMP-1157,2026-11-16,62
EMP-1157,2026-11-23,61
EMP-1157,2026-11-30,65
EMP-1157,2026-12-07,61
EMP-1157,2026-12-14,62
EMP-1157,2026-12-21,58
EMP-1157,2026-12-28,63
EMP-1157,2027-01-04,58
EMP-1157,2027-01-11,59
EMP-1157,2027-01-18,66
EMP-1157,2027-01-25,63
EMP-1157,2027-02-01,66
EMP-1157,2027-02-08,59
EMP-1157,2027-02-15,67
EMP-1157,2027-02-22,62
EMP-1157,2027-03-01,61
EMP-1157,2027-03-08,67
EMP-1157,2027-03-15,57
EMP-1157,2027-03-22,64
EMP-1158,2026-08-31,61
EMP-1158,2026-09-07,63
EMP-1158,2026-09-14,63
EMP-1158,2026-09-21,62
EMP-1158,2026-09-28,60
EMP-1158,2026-10-05,59
EMP-1158,2026-10-12,55
EMP-1158,2026-10-19,63
EMP-1158,2026-10-26,59
EMP-1158,2026-11-02,64
EMP-1158,2026-11-09,60
EMP-1158,2026-11-16,55
EMP-1158,2026-11-23,60
EMP-1158,2026-11-30,64
EMP-1158,2026-12-07,56
EMP-1158,2026-12-14,55
EMP-1158,2026-12-21,55
EMP-1158,2026-12-28,61
EMP-1158,2027-01-04,56
EMP-1158,2027-01-11,56
EMP-1158,2027-01-18,64
EMP-1158,2027-01-25,57
EMP-1158,2027-02-01,61
EMP-1158,2027-02-08,60
EMP-1158,2027-02-15,62
EMP-1158,2027-02-22,65
EMP-1158,2027-03-01,65
EMP-1158,2027-03-08,60
EMP-1158,2027-03-15,57
EMP-1158,2027-03-22,58
EMP-1159,2026-08-31,65
EMP-1159,2026-09-07,65
EMP-1159,2026-09-14,63
EMP-1159,2026-09-21,57
EMP-1159,2026-09-28,58
EMP-1159,2026-10-05,56
EMP-1159,2026-10-12,62
EMP-1159,2026-10-19,65
EMP-1159,2026-10-26,65
EMP-1159,2026-11-02,59
EMP-1159,2026-11-09,59
EMP-1159,2026-11-16,58
EMP-1159,2026-11-23,61
EMP-1159,2026-11-30,65
EMP-1159,2026-12-07,64
EMP-1159,2026-12-14,66
EMP-1159,2026-12-21,57
EMP-1159,2026-12-28,60
EMP-1159,2027-01-04,57
EMP-1159,2027-01-11,58
EMP-1159,2027-01-18,57
EMP-1159,2027-01-25,57
EMP-1159,2027-02-01,61
EMP-1159,2027-02-08,57
EMP-1159,2027-02-15,62
EMP-1159,2027-02-22,61
EMP-1159,2027-03-01,64
EMP-1159,2027-03-08,60
EMP-1159,2027-03-15,64
EMP-1159,2027-03-22,62
EMP-1160,2026-08-31,58
EMP-1160,2026-09-07,62
EMP-1160,2026-09-14,59
EMP-1160,2026-09-21,65
EMP-1160,2026-09-28,61
EMP-1160,2026-10-05,57
EMP-1160,2026-10-12,56
EMP-1160,2026-10-19,57
EMP-1160,2026-10-26,65
EMP-1160,2026-11-02,61
EMP-1160,2026-11-09,55
EMP-1160,2026-11-16,64
EMP-1160,2026-11-23,62
EMP-1160,2026-11-30,58
EMP-1160,2026-12-07,61
EMP-1160,2026-12-14,62
EMP-1160,2026-12-21,65
EMP-1160,2026-12-28,55
EMP-1160,2027-01-04,64
EMP-1160,2027-01-11,61
EMP-1160,2027-01-18,64
EMP-1160,2027-01-25,59
EMP-1160,2027-02-01,60
EMP-1160,2027-02-08,62
EMP-1160,2027-02-15,64
EMP-1160,2027-02-22,57
EMP-1160,2027-03-01,55
EMP-1160,2027-03-08,65
EMP-1160,2027-03-15,65
EMP-1160,2027-03-22,58
EMP-1161,2026-08-31,54
EMP-1161,2026-09-07,60
EMP-1161,2026-09-14,54
EMP-1161,2026-09-21,52
EMP-1161,2026-09-28,61
EMP-1161,2026-10-05,58
EMP-1161,2026-10-12,54
EMP-1161,2026-10-19,54
EMP-1161,2026-10-26,57
EMP-1161,2026-11-02,56
EMP-1161,2026-11-09,56
EMP-1161,2026-11-16,59
EMP-1161,2026-11-23,55
EMP-1161,2026-11-30,53
EMP-1161,2026-12-07,53
EMP-1161,2026-12-14,52
EMP-1161,2026-12-21,60
EMP-1161,2026-12-28,54
EMP-1161,2027-01-04,60
EMP-1161,2027-01-11,60
EMP-1161,2027-01-18,56
EMP-1161,2027-01-25,56
EMP-1161,2027-02-01,60
EMP-1161,2027-02-08,54
EMP-1161,2027-02-15,61
EMP-1161,2027-02-22,62
EMP-1161,2027-03-01,55
EMP-1161,2027-03-08,56
EMP-1161,2027-03-15,56
EMP-1161,2027-03-22,54
EMP-1162,2026-08-31,56
EMP-1162,2026-09-07,55
EMP-1162,2026-09-14,55
EMP-1162,2026-09-21,53
EMP-1162,2026-09-28,53
EMP-1162,2026-10-05,58
EMP-1162,2026-10-12,56
EMP-1162,2026-10-19,50
EMP-1162,2026-10-26,48
EMP-1162,2026-11-02,52
EMP-1162,2026-11-09,50
EMP-1162,2026-11-16,53
EMP-1162,2026-11-23,48
EMP-1162,2026-11-30,57
EMP-1162,2026-12-07,53
EMP-1162,2026-12-14,48
EMP-1162,2026-12-21,58
EMP-1162,2026-12-28,51
EMP-1162,2027-01-04,48
EMP-1162,2027-01-11,51
EMP-1162,2027-01-18,56
EMP-1162,2027-01-25,49
EMP-1162,2027-02-01,56
EMP-1162,2027-02-08,53
EMP-1162,2027-02-15,57
EMP-1162,2027-02-22,50
EMP-1162,2027-03-01,53
EMP-1162,2027-03-08,55
EMP-1162,2027-03-15,51
EMP-1162,2027-03-22,58
EMP-1163,2026-08-31,61
EMP-1163,2026-09-07,65
EMP-1163,2026-09-14,63
EMP-1163,2026-09-21,59
EMP-1163,2026-09-28,58
EMP-1163,2026-10-05,58
EMP-1163,2026-10-12,63
EMP-1163,2026-10-19,60
EMP-1163,2026-10-26,59
EMP-1163,2026-11-02,58
EMP-1163,2026-11-09,62
EMP-1163,2026-11-16,56
EMP-1163,2026-11-23,61
EMP-1163,2026-11-30,61
EMP-1163,2026-12-07,64
EMP-1163,2026-12-14,56
EMP-1163,2026-12-21,61
EMP-1163,2026-12-28,65
EMP-1163,2027-01-04,59
EMP-1163,2027-01-11,58
EMP-1163,2027-01-18,65
EMP-1163,2027-01-25,65
EMP-1163,2027-02-01,64
EMP-1163,2027-02-08,60
EMP-1163,2027-02-15,58
EMP-1163,2027-02-22,57
EMP-1163,2027-03-01,56
EMP-1163,2027-03-08,58
EMP-1163,2027-03-15,65
EMP-1163,2027-03-22,59
EMP-1164,2026-08-31,68
EMP-1164,2026-09-07,64
EMP-1164,2026-09-14,66
EMP-1164,2026-09-21,68
EMP-1164,2026-09-28,64
EMP-1164,2026-10-05,66
EMP-1164,2026-10-12,58
EMP-1164,2026-10-19,68
EMP-1164,2026-10-26,59
EMP-1164,2026-11-02,60
EMP-1164,2026-11-09,59
EMP-1164,2026-11-16,67
EMP-1164,2026-11-23,60
EMP-1164,2026-11-30,58
EMP-1164,2026-12-07,59
EMP-1164,2026-12-14,63
EMP-1164,2026-12-21,66
EMP-1164,2026-12-28,58
EMP-1164,2027-01-04,58
EMP-1164,2027-01-11,60
EMP-1164,2027-01-18,59
EMP-1164,2027-01-25,61
EMP-1164,2027-02-01,66
EMP-1164,2027-02-08,61
EMP-1164,2027-02-15,61
EMP-1164,2027-02-22,66
EMP-1164,2027-03-01,64
EMP-1164,2027-03-08,68
EMP-1164,2027-03-15,62
EMP-1164,2027-03-22,63
EMP-1165,2026-08-31,61
EMP-1165,2026-09-07,56
EMP-1165,2026-09-14,60
EMP-1165,2026-09-21,51
EMP-1165,2026-09-28,55
EMP-1165,2026-10-05,59
EMP-1165,2026-10-12,60
EMP-1165,2026-10-19,55
EMP-1165,2026-10-26,52
EMP-1165,2026-11-02,58
EMP-1165,2026-11-09,61
EMP-1165,2026-11-16,52
EMP-1165,2026-11-23,59
EMP-1165,2026-11-30,57
EMP-1165,2026-12-07,56
EMP-1165,2026-12-14,51
EMP-1165,2026-12-21,60
EMP-1165,2026-12-28,60
EMP-1165,2027-01-04,53
EMP-1165,2027-01-11,57
EMP-1165,2027-01-18,56
EMP-1165,2027-01-25,55
EMP-1165,2027-02-01,61
EMP-1165,2027-02-08,52
EMP-1165,2027-02-15,59
EMP-1165,2027-02-22,54
EMP-1165,2027-03-01,59
EMP-1165,2027-03-08,55
EMP-1165,2027-03-15,61
EMP-1165,2027-03-22,51
EMP-1166,2026-08-31,68
EMP-1166,2026-09-07,68
EMP-1166,2026-09-14,67
EMP-1166,2026-09-21,69
EMP-1166,2026-09-28,61
EMP-1166,2026-10-05,61
EMP-1166,2026-10-12,67
EMP-1166,2026-10-19,69
EMP-1166,2026-10-26,70
EMP-1166,2026-11-02,69
EMP-1166,2026-11-09,67
EMP-1166,2026-11-16,65
EMP-1166,2026-11-23,67
EMP-1166,2026-11-30,66
EMP-1166,2026-12-07,62
EMP-1166,2026-12-14,64
EMP-1166,2026-12-21,69
EMP-1166,2026-12-28,61
EMP-1166,2027-01-04,64
EMP-1166,2027-01-11,65
EMP-1166,2027-01-18,67
EMP-1166,2027-01-25,70
EMP-1166,2027-02-01,64
EMP-1166,2027-02-08,65
EMP-1166,2027-02-15,64
EMP-1166,2027-02-22,70
EMP-1166,2027-03-01,62
EMP-1166,2027-03-08,66
EMP-1166,2027-03-15,64
EMP-1166,2027-03-22,61
EMP-1167,2026-08-31,63
EMP-1167,2026-09-07,57
EMP-1167,2026-09-14,63
EMP-1167,2026-09-21,55
EMP-1167,2026-09-28,55
EMP-1167,2026-10-05,59
EMP-1167,2026-10-12,55
EMP-1167,2026-10-19,59
EMP-1167,2026-10-26,54
EMP-1167,2026-11-02,55
EMP-1167,2026-11-09,58
EMP-1167,2026-11-16,59
EMP-1167,2026-11-23,55
EMP-1167,2026-11-30,59
EMP-1167,2026-12-07,63
EMP-1167,2026-12-14,54
EMP-1167,2026-12-21,60
EMP-1167,2026-12-28,61
EMP-1167,2027-01-04,62
EMP-1167,2027-01-11,62
EMP-1167,2027-01-18,59
EMP-1167,2027-01-25,61
EMP-1167,2027-02-01,62
EMP-1167,2027-02-08,59
EMP-1167,2027-02-15,55
EMP-1167,2027-02-22,56
EMP-1167,2027-03-01,56
EMP-1167,2027-03-08,55
EMP-1167,2027-03-15,63
EMP-1167,2027-03-22,54
EMP-1168,2026-08-31,61
EMP-1168,2026-09-07,67
EMP-1168,2026-09-14,66
EMP-1168,2026-09-21,64
EMP-1168,2026-09-28,63
EMP-1168,2026-10-05,58
EMP-1168,2026-10-12,61
EMP-1168,2026-10-19,63
EMP-1168,2026-10-26,66
EMP-1168,2026-11-02,67
EMP-1168,2026-11-09,63
EMP-1168,2026-11-16,68
EMP-1168,2026-11-23,64
EMP-1168,2026-11-30,59
EMP-1168,2026-12-07,67
EMP-1168,2026-12-14,67
EMP-1168,2026-12-21,58
EMP-1168,2026-12-28,65
EMP-1168,2027-01-04,62
EMP-1168,2027-01-11,59
EMP-1168,2027-01-18,58
EMP-1168,2027-01-25,63
EMP-1168,2027-02-01,58
EMP-1168,2027-02-08,59
EMP-1168,2027-02-15,62
EMP-1168,2027-02-22,60
EMP-1168,2027-03-01,59
EMP-1168,2027-03-08,62
EMP-1168,2027-03-15,66
EMP-1168,2027-03-22,66
EMP-1169,2026-08-31,59
EMP-1169,2026-09-07,67
EMP-1169,2026-09-14,59
EMP-1169,2026-09-21,58
EMP-1169,2026-09-28,65
EMP-1169,2026-10-05,61
EMP-1169,2026-10-12,66
EMP-1169,2026-10-19,65
EMP-1169,2026-10-26,61
EMP-1169,2026-11-02,67
EMP-1169,2026-11-09,61
EMP-1169,2026-11-16,64
EMP-1169,2026-11-23,65
EMP-1169,2026-11-30,59
EMP-1169,2026-12-07,67
EMP-1169,2026-12-14,67
EMP-1169,2026-12-21,67
EMP-1169,2026-12-28,61
EMP-1169,2027-01-04,63
EMP-1169,2027-01-11,67
EMP-1169,2027-01-18,64
EMP-1169,2027-01-25,57
EMP-1169,2027-02-01,59
EMP-1169,2027-02-08,58
EMP-1169,2027-02-15,61
EMP-1169,2027-02-22,60
EMP-1169,2027-03-01,63
EMP-1169,2027-03-08,66
EMP-1169,2027-03-15,60
EMP-1169,2027-03-22,63
EMP-1170,2026-08-31,62
EMP-1170,2026-09-07,59
EMP-1170,2026-09-14,67
EMP-1170,2026-09-21,67
EMP-1170,2026-09-28,65
EMP-1170,2026-10-05,67
EMP-1170,2026-10-12,61
EMP-1170,2026-10-19,58
EMP-1170,2026-10-26,67
EMP-1170,2026-11-02,63
EMP-1170,2026-11-09,64
EMP-1170,2026-11-16,67
EMP-1170,2026-11-23,64
EMP-1170,2026-11-30,57
EMP-1170,2026-12-07,67
EMP-1170,2026-12-14,66
EMP-1170,2026-12-21,58
EMP-1170,2026-12-28,60
EMP-1170,2027-01-04,65
EMP-1170,2027-01-11,60
EMP-1170,2027-01-18,59
EMP-1170,2027-01-25,66
EMP-1170,2027-02-01,65
EMP-1170,2027-02-08,62
EMP-1170,2027-02-15,59
EMP-1170,2027-02-22,62
EMP-1170,2027-03-01,65
EMP-1170,2027-03-08,65
EMP-1170,2027-03-15,57
EMP-1170,2027-03-22,64
EMP-1171,2026-08-31,64
EMP-1171,2026-09-07,63
EMP-1171,2026-09-14,63
EMP-1171,2026-09-21,63
EMP-1171,2026-09-28,64
EMP-1171,2026-10-05,67
EMP-1171,2026-10-12,63
EMP-1171,2026-10-19,64
EMP-1171,2026-10-26,60
EMP-1171,2026-11-02,68
EMP-1171,2026-11-09,68
EMP-1171,2026-11-16,60
EMP-1171,2026-11-23,66
EMP-1171,2026-11-30,68
EMP-1171,2026-12-07,63
EMP-1171,2026-12-14,63
EMP-1171,2026-12-21,64
EMP-1171,2026-12-28,64
EMP-1171,2027-01-04,66
EMP-1171,2027-01-11,59
EMP-1171,2027-01-18,60
EMP-1171,2027-01-25,62
EMP-1171,2027-02-01,62
EMP-1171,2027-02-08,64
EMP-1171,2027-02-15,58
EMP-1171,2027-02-22,68
EMP-1171,2027-03-01,68
EMP-1171,2027-03-08,68
EMP-1171,2027-03-15,67
EMP-1171,2027-03-22,63
EMP-1172,2026-08-31,56
EMP-1172,2026-09-07,60
EMP-1172,2026-09-14,56
EMP-1172,2026-09-21,63
EMP-1172,2026-09-28,60
EMP-1172,2026-10-05,61
EMP-1172,2026-10-12,59
EMP-1172,2026-10-19,59
EMP-1172,2026-10-26,61
EMP-1172,2026-11-02,60
EMP-1172,2026-11-09,63
EMP-1172,2026-11-16,57
EMP-1172,2026-11-23,59
EMP-1172,2026-11-30,56
EMP-1172,2026-12-07,55
EMP-1172,2026-12-14,57
EMP-1172,2026-12-21,56
EMP-1172,2026-12-28,56
EMP-1172,2027-01-04,53
EMP-1172,2027-01-11,62
EMP-1172,2027-01-18,54
EMP-1172,2027-01-25,54
EMP-1172,2027-02-01,55
EMP-1172,2027-02-08,57
EMP-1172,2027-02-15,61
EMP-1172,2027-02-22,53
EMP-1172,2027-03-01,61
EMP-1172,2027-03-08,59
EMP-1172,2027-03-15,58
EMP-1172,2027-03-22,58
EMP-1173,2026-08-31,55
EMP-1173,2026-09-07,49
EMP-1173,2026-09-14,57
EMP-1173,2026-09-21,58
EMP-1173,2026-09-28,58
EMP-1173,2026-10-05,50
EMP-1173,2026-10-12,49
EMP-1173,2026-10-19,57
EMP-1173,2026-10-26,58
EMP-1173,2026-11-02,48
EMP-1173,2026-11-09,55
EMP-1173,2026-11-16,50
EMP-1173,2026-11-23,58
EMP-1173,2026-11-30,54
EMP-1173,2026-12-07,56
EMP-1173,2026-12-14,56
EMP-1173,2026-12-21,48
EMP-1173,2026-12-28,58
EMP-1173,2027-01-04,50
EMP-1173,2027-01-11,50
EMP-1173,2027-01-18,54
EMP-1173,2027-01-25,55
EMP-1173,2027-02-01,55
EMP-1173,2027-02-08,48
EMP-1173,2027-02-15,55
EMP-1173,2027-02-22,49
EMP-1173,2027-03-01,54
EMP-1173,2027-03-08,50
EMP-1173,2027-03-15,55
EMP-1173,2027-03-22,58
EMP-1174,2026-08-31,55
EMP-1174,2026-09-07,57
EMP-1174,2026-09-14,57
EMP-1174,2026-09-21,56
EMP-1174,2026-09-28,53
EMP-1174,2026-10-05,58
EMP-1174,2026-10-12,57
EMP-1174,2026-10-19,54
EMP-1174,2026-10-26,60
EMP-1174,2026-11-02,53
EMP-1174,2026-11-09,61
EMP-1174,2026-11-16,61
EMP-1174,2026-11-23,61
EMP-1174,2026-11-30,55
EMP-1174,2026-12-07,54
EMP-1174,2026-12-14,56
EMP-1174,2026-12-21,55
EMP-1174,2026-12-28,59
EMP-1174,2027-01-04,61
EMP-1174,2027-01-11,55
EMP-1174,2027-01-18,61
EMP-1174,2027-01-25,58
EMP-1174,2027-02-01,55
EMP-1174,2027-02-08,60
EMP-1174,2027-02-15,58
EMP-1174,2027-02-22,59
EMP-1174,2027-03-01,52
EMP-1174,2027-03-08,57
EMP-1174,2027-03-15,58
EMP-1174,2027-03-22,59
EMP-1175,2026-08-31,40
EMP-1175,2026-09-07,46
EMP-1175,2026-09-14,41
EMP-1175,2026-09-21,47
EMP-1175,2026-09-28,39
EMP-1175,2026-10-05,38
EMP-1175,2026-10-12,38
EMP-1175,2026-10-19,48
EMP-1175,2026-10-26,47
EMP-1175,2026-11-02,42
EMP-1175,2026-11-09,41
EMP-1175,2026-11-16,43
EMP-1175,2026-11-23,47
EMP-1175,2026-11-30,43
EMP-1175,2026-12-07,46
EMP-1175,2026-12-14,47
EMP-1175,2026-12-21,45
EMP-1175,2026-12-28,45
EMP-1175,2027-01-04,46
EMP-1175,2027-01-11,45
EMP-1175,2027-01-18,44
EMP-1175,2027-01-25,47
EMP-1175,2027-02-01,39
EMP-1175,2027-02-08,40
EMP-1175,2027-02-15,43
EMP-1175,2027-02-22,39
EMP-1175,2027-03-01,41
EMP-1175,2027-03-08,48
EMP-1175,2027-03-15,43
EMP-1175,2027-03-22,47
EMP-1176,2026-08-31,56
EMP-1176,2026-09-07,51
EMP-1176,2026-09-14,54
EMP-1176,2026-09-21,57
EMP-1176,2026-09-28,50
EMP-1176,2026-10-05,55
EMP-1176,2026-10-12,57
EMP-1176,2026-10-19,53
EMP-1176,2026-10-26,52
EMP-1176,2026-11-02,52
EMP-1176,2026-11-09,52
EMP-1176,2026-11-16,57
EMP-1176,2026-11-23,54
EMP-1176,2026-11-30,49
EMP-1176,2026-12-07,54
EMP-1176,2026-12-14,50
EMP-1176,2026-12-21,55
EMP-1176,2026-12-28,50
EMP-1176,2027-01-04,51
EMP-1176,2027-01-11,53
EMP-1176,2027-01-18,51
EMP-1176,2027-01-25,54
EMP-1176,2027-02-01,47
EMP-1176,2027-02-08,52
EMP-1176,2027-02-15,48
EMP-1176,2027-02-22,57
EMP-1176,2027-03-01,48
EMP-1176,2027-03-08,51
EMP-1176,2027-03-15,49
EMP-1176,2027-03-22,57
EMP-1177,2026-08-31,54
EMP-1177,2026-09-07,56
EMP-1177,2026-09-14,61
EMP-1177,2026-09-21,60
EMP-1177,2026-09-28,59
EMP-1177,2026-10-05,54
EMP-1177,2026-10-12,64
EMP-1177,2026-10-19,59
EMP-1177,2026-10-26,54
EMP-1177,2026-11-02,56
EMP-1177,2026-11-09,64
EMP-1177,2026-11-16,62
EMP-1177,2026-11-23,57
EMP-1177,2026-11-30,57
EMP-1177,2026-12-07,57
EMP-1177,2026-12-14,58
EMP-1177,2026-12-21,56
EMP-1177,2026-12-28,58
EMP-1177,2027-01-04,62
EMP-1177,2027-01-11,55
EMP-1177,2027-01-18,63
EMP-1177,2027-01-25,64
EMP-1177,2027-02-01,58
EMP-1177,2027-02-08,55
EMP-1177,2027-02-15,58
EMP-1177,2027-02-22,62
EMP-1177,2027-03-01,64
EMP-1177,2027-03-08,63
EMP-1177,2027-03-15,63
EMP-1177,2027-03-22,62
EMP-1178,2026-08-31,51
EMP-1178,2026-09-07,53
EMP-1178,2026-09-14,47
EMP-1178,2026-09-21,48
EMP-1178,2026-09-28,52
EMP-1178,2026-10-05,46
EMP-1178,2026-10-12,50
EMP-1178,2026-10-19,54
EMP-1178,2026-10-26,52
EMP-1178,2026-11-02,50
EMP-1178,2026-11-09,49
EMP-1178,2026-11-16,47
EMP-1178,2026-11-23,46
EMP-1178,2026-11-30,44
EMP-1178,2026-12-07,52
EMP-1178,2026-12-14,49
EMP-1178,2026-12-21,47
EMP-1178,2026-12-28,52
EMP-1178,2027-01-04,52
EMP-1178,2027-01-11,49
EMP-1178,2027-01-18,46
EMP-1178,2027-01-25,46
EMP-1178,2027-02-01,52
EMP-1178,2027-02-08,50
EMP-1178,2027-02-15,46
EMP-1178,2027-02-22,52
EMP-1178,2027-03-01,46
EMP-1178,2027-03-08,53
EMP-1178,2027-03-15,46
EMP-1178,2027-03-22,52
EMP-1179,2026-08-31,43
EMP-1179,2026-09-07,49
EMP-1179,2026-09-14,42
EMP-1179,2026-09-21,47
EMP-1179,2026-09-28,51
EMP-1179,2026-10-05,52
EMP-1179,2026-10-12,45
EMP-1179,2026-10-19,52
EMP-1179,2026-10-26,50
EMP-1179,2026-11-02,44
EMP-1179,2026-11-09,45
EMP-1179,2026-11-16,51
EMP-1179,2026-11-23,45
EMP-1179,2026-11-30,52
EMP-1179,2026-12-07,50
EMP-1179,2026-12-14,48
EMP-1179,2026-12-21,47
EMP-1179,2026-12-28,50
EMP-1179,2027-01-04,51
EMP-1179,2027-01-11,52
EMP-1179,2027-01-18,48
EMP-1179,2027-01-25,45
EMP-1179,2027-02-01,51
EMP-1179,2027-02-08,49
EMP-1179,2027-02-15,44
EMP-1179,2027-02-22,48
EMP-1179,2027-03-01,46
EMP-1179,2027-03-08,48
EMP-1179,2027-03-15,50
EMP-1179,2027-03-22,51
EMP-1180,2026-08-31,60
EMP-1180,2026-09-07,62
EMP-1180,2026-09-14,59
EMP-1180,2026-09-21,59
EMP-1180,2026-09-28,61
EMP-1180,2026-10-05,56
EMP-1180,2026-10-12,59
EMP-1180,2026-10-19,62
EMP-1180,2026-10-26,53
EMP-1180,2026-11-02,57
EMP-1180,2026-11-09,53
EMP-1180,2026-11-16,55
EMP-1180,2026-11-23,57
EMP-1180,2026-11-30,60
EMP-1180,2026-12-07,61
EMP-1180,2026-12-14,61
EMP-1180,2026-12-21,56
EMP-1180,2026-12-28,57
EMP-1180,2027-01-04,54
EMP-1180,2027-01-11,59
EMP-1180,2027-01-18,60
EMP-1180,2027-01-25,54
EMP-1180,2027-02-01,53
EMP-1180,2027-02-08,54
EMP-1180,2027-02-15,55
EMP-1180,2027-02-22,58
EMP-1180,2027-03-01,58
EMP-1180,2027-03-08,60
EMP-1180,2027-03-15,55
EMP-1180,2027-03-22,60
EMP-1181,2026-08-31,54
EMP-1181,2026-09-07,57
EMP-1181,2026-09-14,50
EMP-1181,2026-09-21,55
EMP-1181,2026-09-28,55
EMP-1181,2026-10-05,54
EMP-1181,2026-10-12,54
EMP-1181,2026-10-19,56
EMP-1181,2026-10-26,54
EMP-1181,2026-11-02,56
EMP-1181,2026-11-09,48
EMP-1181,2026-11-16,55
EMP-1181,2026-11-23,49
EMP-1181,2026-11-30,58
EMP-1181,2026-12-07,51
EMP-1181,2026-12-14,53
EMP-1181,2026-12-21,53
EMP-1181,2026-12-28,53
EMP-1181,2027-01-04,52
EMP-1181,2027-01-11,51
EMP-1181,2027-01-18,53
EMP-1181,2027-01-25,58
EMP-1181,2027-02-01,53
EMP-1181,2027-02-08,48
EMP-1181,2027-02-15,51
EMP-1181,2027-02-22,52
EMP-1181,2027-03-01,57
EMP-1181,2027-03-08,55
EMP-1181,2027-03-15,54
EMP-1181,2027-03-22,58
EMP-1182,2026-08-31,66
EMP-1182,2026-09-07,66
EMP-1182,2026-09-14,59
EMP-1182,2026-09-21,62
EMP-1182,2026-09-28,66
EMP-1182,2026-10-05,66
EMP-1182,2026-10-12,67
EMP-1182,2026-10-19,59
EMP-1182,2026-10-26,58
EMP-1182,2026-11-02,65
EMP-1182,2026-11-09,58
EMP-1182,2026-11-16,60
EMP-1182,2026-11-23,60
EMP-1182,2026-11-30,60
EMP-1182,2026-12-07,63
EMP-1182,2026-12-14,64
EMP-1182,2026-12-21,65
EMP-1182,2026-12-28,64
EMP-1182,2027-01-04,62
EMP-1182,2027-01-11,66
EMP-1182,2027-01-18,62
EMP-1182,2027-01-25,60
EMP-1182,2027-02-01,66
EMP-1182,2027-02-08,66
EMP-1182,2027-02-15,64
EMP-1182,2027-02-22,67
EMP-1182,2027-03-01,59
EMP-1182,2027-03-08,61
EMP-1182,2027-03-15,58
EMP-1182,2027-03-22,64
EMP-1183,2026-08-31,64
EMP-1183,2026-09-07,60
EMP-1183,2026-09-14,58
EMP-1183,2026-09-21,58
EMP-1183,2026-09-28,59
EMP-1183,2026-10-05,61
EMP-1183,2026-10-12,59
EMP-1183,2026-10-19,66
EMP-1183,2026-10-26,67
EMP-1183,2026-11-02,62
EMP-1183,2026-11-09,59
EMP-1183,2026-11-16,61
EMP-1183,2026-11-23,64
EMP-1183,2026-11-30,57
EMP-1183,2026-12-07,58
EMP-1183,2026-12-14,65
EMP-1183,2026-12-21,59
EMP-1183,2026-12-28,62
EMP-1183,2027-01-04,63
EMP-1183,2027-01-11,62
EMP-1183,2027-01-18,66
EMP-1183,2027-01-25,62
EMP-1183,2027-02-01,64
EMP-1183,2027-02-08,61
EMP-1183,2027-02-15,59
EMP-1183,2027-02-22,63
EMP-1183,2027-03-01,66
EMP-1183,2027-03-08,58
EMP-1183,2027-03-15,66
EMP-1183,2027-03-22,67
EMP-1184,2026-08-31,64
EMP-1184,2026-09-07,64
EMP-1184,2026-09-14,67
EMP-1184,2026-09-21,62
EMP-1184,2026-09-28,67
EMP-1184,2026-10-05,63
EMP-1184,2026-10-12,62
EMP-1184,2026-10-19,59
EMP-1184,2026-10-26,67
EMP-1184,2026-11-02,64
EMP-1184,2026-11-09,65
EMP-1184,2026-11-16,63
EMP-1184,2026-11-23,62
EMP-1184,2026-11-30,62
EMP-1184,2026-12-07,61
EMP-1184,2026-12-14,59
EMP-1184,2026-12-21,68
EMP-1184,2026-12-28,66
EMP-1184,2027-01-04,63
EMP-1184,2027-01-11,67
EMP-1184,2027-01-18,61
EMP-1184,2027-01-25,68
EMP-1184,2027-02-01,67
EMP-1184,2027-02-08,60
EMP-1184,2027-02-15,67
EMP-1184,2027-02-22,67
EMP-1184,2027-03-01,69
EMP-1184,2027-03-08,66
EMP-1184,2027-03-15,64
EMP-1184,2027-03-22,68
EMP-1185,2026-08-31,51
EMP-1185,2026-09-07,55
EMP-1185,2026-09-14,56
EMP-1185,2026-09-21,51
EMP-1185,2026-09-28,51
EMP-1185,2026-10-05,60
EMP-1185,2026-10-12,54
EMP-1185,2026-10-19,52
EMP-1185,2026-10-26,57
EMP-1185,2026-11-02,54
EMP-1185,2026-11-09,59
EMP-1185,2026-11-16,56
EMP-1185,2026-11-23,52
EMP-1185,2026-11-30,54
EMP-1185,2026-12-07,51
EMP-1185,2026-12-14,60
EMP-1185,2026-12-21,55
EMP-1185,2026-12-28,51
EMP-1185,2027-01-04,51
EMP-1185,2027-01-11,51
EMP-1185,2027-01-18,59
EMP-1185,2027-01-25,51
EMP-1185,2027-02-01,52
EMP-1185,2027-02-08,55
EMP-1185,2027-02-15,58
EMP-1185,2027-02-22,55
EMP-1185,2027-03-01,53
EMP-1185,2027-03-08,54
EMP-1185,2027-03-15,56
EMP-1185,2027-03-22,57
EMP-1186,2026-08-31,64
EMP-1186,2026-09-07,64
EMP-1186,2026-09-14,63
EMP-1186,2026-09-21,60
EMP-1186,2026-09-28,62
EMP-1186,2026-10-05,67
EMP-1186,2026-10-12,70
EMP-1186,2026-10-19,70
EMP-1186,2026-10-26,61
EMP-1186,2026-11-02,66
EMP-1186,2026-11-09,66
EMP-1186,2026-11-16,64
EMP-1186,2026-11-23,69
EMP-1186,2026-11-30,62
EMP-1186,2026-12-07,68
EMP-1186,2026-12-14,69
EMP-1186,2026-12-21,62
EMP-1186,2026-12-28,62
EMP-1186,2027-01-04,70
EMP-1186,2027-01-11,60
EMP-1186,2027-01-18,64
EMP-1186,2027-01-25,69
EMP-1186,2027-02-01,67
EMP-1186,2027-02-08,68
EMP-1186,2027-02-15,66
EMP-1186,2027-02-22,62
EMP-1186,2027-03-01,64
EMP-1186,2027-03-08,63
EMP-1186,2027-03-15,68
EMP-1186,2027-03-22,69
EMP-1187,2026-08-31,59
EMP-1187,2026-09-07,59
EMP-1187,2026-09-14,63
EMP-1187,2026-09-21,59
EMP-1187,2026-09-28,57
EMP-1187,2026-10-05,62
EMP-1187,2026-10-12,63
EMP-1187,2026-10-19,66
EMP-1187,2026-10-26,61
EMP-1187,2026-11-02,64
EMP-1187,2026-11-09,61
EMP-1187,2026-11-16,59
EMP-1187,2026-11-23,60
EMP-1187,2026-11-30,60
EMP-1187,2026-12-07,58
EMP-1187,2026-12-14,59
EMP-1187,2026-12-21,57
EMP-1187,2026-12-28,59
EMP-1187,2027-01-04,56
EMP-1187,2027-01-11,56
EMP-1187,2027-01-18,62
EMP-1187,2027-01-25,58
EMP-1187,2027-02-01,66
EMP-1187,2027-02-08,56
EMP-1187,2027-02-15,63
EMP-1187,2027-02-22,58
EMP-1187,2027-03-01,65
EMP-1187,2027-03-08,59
EMP-1187,2027-03-15,63
EMP-1187,2027-03-22,64
EMP-1188,2026-08-31,55
EMP-1188,2026-09-07,51
EMP-1188,2026-09-14,61
EMP-1188,2026-09-21,60
EMP-1188,2026-09-28,61
EMP-1188,2026-10-05,55
EMP-1188,2026-10-12,53
EMP-1188,2026-10-19,55
EMP-1188,2026-10-26,55
EMP-1188,2026-11-02,58
EMP-1188,2026-11-09,59
EMP-1188,2026-11-16,59
EMP-1188,2026-11-23,55
EMP-1188,2026-11-30,57
EMP-1188,2026-12-07,57
EMP-1188,2026-12-14,51
EMP-1188,2026-12-21,59
EMP-1188,2026-12-28,60
EMP-1188,2027-01-04,52
EMP-1188,2027-01-11,59
EMP-1188,2027-01-18,61
EMP-1188,2027-01-25,51
EMP-1188,2027-02-01,53
EMP-1188,2027-02-08,55
EMP-1188,2027-02-15,61
EMP-1188,2027-02-22,52
EMP-1188,2027-03-01,59
EMP-1188,2027-03-08,57
EMP-1188,2027-03-15,52
EMP-1188,2027-03-22,61
EMP-1189,2026-08-31,60
EMP-1189,2026-09-07,60
EMP-1189,2026-09-14,64
EMP-1189,2026-09-21,65
EMP-1189,2026-09-28,60
EMP-1189,2026-10-05,60
EMP-1189,2026-10-12,65
EMP-1189,2026-10-19,58
EMP-1189,2026-10-26,65
EMP-1189,2026-11-02,64
EMP-1189,2026-11-09,59
EMP-1189,2026-11-16,63
EMP-1189,2026-11-23,65
EMP-1189,2026-11-30,58
EMP-1189,2026-12-07,64
EMP-1189,2026-12-14,57
EMP-1189,2026-12-21,61
EMP-1189,2026-12-28,59
EMP-1189,2027-01-04,55
EMP-1189,2027-01-11,63
EMP-1189,2027-01-18,59
EMP-1189,2027-01-25,61
EMP-1189,2027-02-01,61
EMP-1189,2027-02-08,65
EMP-1189,2027-02-15,59
EMP-1189,2027-02-22,65
EMP-1189,2027-03-01,62
EMP-1189,2027-03-08,56
EMP-1189,2027-03-15,58
EMP-1189,2027-03-22,65
EMP-1190,2026-08-31,64
EMP-1190,2026-09-07,66
EMP-1190,2026-09-14,66
EMP-1190,2026-09-21,69
EMP-1190,2026-09-28,68
EMP-1190,2026-10-05,68
EMP-1190,2026-10-12,68
EMP-1190,2026-10-19,69
EMP-1190,2026-10-26,61
EMP-1190,2026-11-02,70
EMP-1190,2026-11-09,68
EMP-1190,2026-11-16,62
EMP-1190,2026-11-23,61
EMP-1190,2026-11-30,64
EMP-1190,2026-12-07,62
EMP-1190,2026-12-14,68
EMP-1190,2026-12-21,68
EMP-1190,2026-12-28,70
EMP-1190,2027-01-04,68
EMP-1190,2027-01-11,62
EMP-1190,2027-01-18,64
EMP-1190,2027-01-25,70
EMP-1190,2027-02-01,63
EMP-1190,2027-02-08,70
EMP-1190,2027-02-15,61
EMP-1190,2027-02-22,70
EMP-1190,2027-03-01,63
EMP-1190,2027-03-08,64
EMP-1190,2027-03-15,61
EMP-1190,2027-03-22,67
EMP-1191,2026-08-31,58
EMP-1191,2026-09-07,54
EMP-1191,2026-09-14,56
EMP-1191,2026-09-21,63
EMP-1191,2026-09-28,56
EMP-1191,2026-10-05,58
EMP-1191,2026-10-12,59
EMP-1191,2026-10-19,62
EMP-1191,2026-10-26,55
EMP-1191,2026-11-02,53
EMP-1191,2026-11-09,57
EMP-1191,2026-11-16,59
EMP-1191,2026-11-23,61
EMP-1191,2026-11-30,58
EMP-1191,2026-12-07,59
EMP-1191,2026-12-14,56
EMP-1191,2026-12-21,59
EMP-1191,2026-12-28,56
EMP-1191,2027-01-04,63
EMP-1191,2027-01-11,60
EMP-1191,2027-01-18,53
EMP-1191,2027-01-25,58
EMP-1191,2027-02-01,60
EMP-1191,2027-02-08,59
EMP-1191,2027-02-15,54
EMP-1191,2027-02-22,61
EMP-1191,2027-03-01,63
EMP-1191,2027-03-08,53
EMP-1191,2027-03-15,56
EMP-1191,2027-03-22,62
EMP-1192,2026-08-31,57
EMP-1192,2026-09-07,55
EMP-1192,2026-09-14,56
EMP-1192,2026-09-21,57
EMP-1192,2026-09-28,59
EMP-1192,2026-10-05,58
EMP-1192,2026-10-12,63
EMP-1192,2026-10-19,56
EMP-1192,2026-10-26,58
EMP-1192,2026-11-02,55
EMP-1192,2026-11-09,57
EMP-1192,2026-11-16,56
EMP-1192,2026-11-23,55
EMP-1192,2026-11-30,60
EMP-1192,2026-12-07,63
EMP-1192,2026-12-14,58
EMP-1192,2026-12-21,54
EMP-1192,2026-12-28,59
EMP-1192,2027-01-04,63
EMP-1192,2027-01-11,60
EMP-1192,2027-01-18,63
EMP-1192,2027-01-25,62
EMP-1192,2027-02-01,61
EMP-1192,2027-02-08,58
EMP-1192,2027-02-15,54
EMP-1192,2027-02-22,53
EMP-1192,2027-03-01,63
EMP-1192,2027-03-08,54
EMP-1192,2027-03-15,61
EMP-1192,2027-03-22,54
EMP-1193,2026-08-31,50
EMP-1193,2026-09-07,57
EMP-1193,2026-09-14,59
EMP-1193,2026-09-21,58
EMP-1193,2026-09-28,51
EMP-1193,2026-10-05,49
EMP-1193,2026-10-12,49
EMP-1193,2026-10-19,50
EMP-1193,2026-10-26,49
EMP-1193,2026-11-02,56
EMP-1193,2026-11-09,49
EMP-1193,2026-11-16,57
EMP-1193,2026-11-23,52
EMP-1193,2026-11-30,50
EMP-1193,2026-12-07,49
EMP-1193,2026-12-14,51
EMP-1193,2026-12-21,50
EMP-1193,2026-12-28,56
EMP-1193,2027-01-04,50
EMP-1193,2027-01-11,49
EMP-1193,2027-01-18,55
EMP-1193,2027-01-25,54
EMP-1193,2027-02-01,51
EMP-1193,2027-02-08,59
EMP-1193,2027-02-15,50
EMP-1193,2027-02-22,55
EMP-1193,2027-03-01,57
EMP-1193,2027-03-08,54
EMP-1193,2027-03-15,50
EMP-1193,2027-03-22,58
EMP-1194,2026-08-31,64
EMP-1194,2026-09-07,66
EMP-1194,2026-09-14,61
EMP-1194,2026-09-21,66
EMP-1194,2026-09-28,70
EMP-1194,2026-10-05,69
EMP-1194,2026-10-12,62
EMP-1194,2026-10-19,61
EMP-1194,2026-10-26,61
EMP-1194,2026-11-02,61
EMP-1194,2026-11-09,67
EMP-1194,2026-11-16,64
EMP-1194,2026-11-23,66
EMP-1194,2026-11-30,64
EMP-1194,2026-12-07,61
EMP-1194,2026-12-14,65
EMP-1194,2026-12-21,65
EMP-1194,2026-12-28,65
EMP-1194,2027-01-04,64
EMP-1194,2027-01-11,70
EMP-1194,2027-01-18,63
EMP-1194,2027-01-25,66
EMP-1194,2027-02-01,65
EMP-1194,2027-02-08,70
EMP-1194,2027-02-15,70
EMP-1194,2027-02-22,69
EMP-1194,2027-03-01,66
EMP-1194,2027-03-08,70
EMP-1194,2027-03-15,69
EMP-1194,2027-03-22,70
EMP-1195,2026-08-31,61
EMP-1195,2026-09-07,65
EMP-1195,2026-09-14,65
EMP-1195,2026-09-21,66
EMP-1195,2026-09-28,66
EMP-1195,2026-10-05,58
EMP-1195,2026-10-12,57
EMP-1195,2026-10-19,66
EMP-1195,2026-10-26,61
EMP-1195,2026-11-02,60
EMP-1195,2026-11-09,64
EMP-1195,2026-11-16,62
EMP-1195,2026-11-23,59
EMP-1195,2026-11-30,60
EMP-1195,2026-12-07,61
EMP-1195,2026-12-14,59
EMP-1195,2026-12-21,60
EMP-1195,2026-12-28,61
EMP-1195,2027-01-04,66
EMP-1195,2027-01-11,61
EMP-1195,2027-01-18,60
EMP-1195,2027-01-25,67
EMP-1195,2027-02-01,66
EMP-1195,2027-02-08,59
EMP-1195,2027-02-15,65
EMP-1195,2027-02-22,57
EMP-1195,2027-03-01,64
EMP-1195,2027-03-08,58
EMP-1195,2027-03-15,62
EMP-1195,2027-03-22,57
EMP-1196,2026-08-31,59
EMP-1196,2026-09-07,59
EMP-1196,2026-09-14,56
EMP-1196,2026-09-21,59
EMP-1196,2026-09-28,58
EMP-1196,2026-10-05,59
EMP-1196,2026-10-12,52
EMP-1196,2026-10-19,51
EMP-1196,2026-10-26,52
EMP-1196,2026-11-02,55
EMP-1196,2026-11-09,59
EMP-1196,2026-11-16,58
EMP-1196,2026-11-23,50
EMP-1196,2026-11-30,58
EMP-1196,2026-12-07,54
EMP-1196,2026-12-14,51
EMP-1196,2026-12-21,49
EMP-1196,2026-12-28,50
EMP-1196,2027-01-04,51
EMP-1196,2027-01-11,56
EMP-1196,2027-01-18,51
EMP-1196,2027-01-25,49
EMP-1196,2027-02-01,50
EMP-1196,2027-02-08,58
EMP-1196,2027-02-15,52
EMP-1196,2027-02-22,56
EMP-1196,2027-03-01,57
EMP-1196,2027-03-08,50
EMP-1196,2027-03-15,49
EMP-1196,2027-03-22,51
EMP-1197,2026-08-31,41
EMP-1197,2026-09-07,41
EMP-1197,2026-09-14,38
EMP-1197,2026-09-21,40
EMP-1197,2026-09-28,36
EMP-1197,2026-10-05,39
EMP-1197,2026-10-12,39
EMP-1197,2026-10-19,42
EMP-1197,2026-10-26,38
EMP-1197,2026-11-02,39
EMP-1197,2026-11-09,41
EMP-1197,2026-11-16,41
EMP-1197,2026-11-23,45
EMP-1197,2026-11-30,44
EMP-1197,2026-12-07,43
EMP-1197,2026-12-14,42
EMP-1197,2026-12-21,38
EMP-1197,2026-12-28,37
EMP-1197,2027-01-04,43
EMP-1197,2027-01-11,44
EMP-1197,2027-01-18,38
EMP-1197,2027-01-25,37
EMP-1197,2027-02-01,41
EMP-1197,2027-02-08,40
EMP-1197,2027-02-15,44
EMP-1197,2027-02-22,42
EMP-1197,2027-03-01,44
EMP-1197,2027-03-08,43
EMP-1197,2027-03-15,36
EMP-1197,2027-03-22,46
EMP-1198,2026-08-31,65
EMP-1198,2026-09-07,63
EMP-1198,2026-09-14,56
EMP-1198,2026-09-21,65
EMP-1198,2026-09-28,64
EMP-1198,2026-10-05,65
EMP-1198,2026-10-12,56
EMP-1198,2026-10-19,58
EMP-1198,2026-10-26,55
EMP-1198,2026-11-02,62
EMP-1198,2026-11-09,57
EMP-1198,2026-11-16,62
EMP-1198,2026-11-23,61
EMP-1198,2026-11-30,59
EMP-1198,2026-12-07,57
EMP-1198,2026-12-14,64
EMP-1198,2026-12-21,56
EMP-1198,2026-12-28,59
EMP-1198,2027-01-04,57
EMP-1198,2027-01-11,63
EMP-1198,2027-01-18,62
EMP-1198,2027-01-25,59
EMP-1198,2027-02-01,57
EMP-1198,2027-02-08,58
EMP-1198,2027-02-15,62
EMP-1198,2027-02-22,57
EMP-1198,2027-03-01,58
EMP-1198,2027-03-08,62
EMP-1198,2027-03-15,57
EMP-1198,2027-03-22,63
EMP-1199,2026-08-31,51
EMP-1199,2026-09-07,56
EMP-1199,2026-09-14,48
EMP-1199,2026-09-21,48
EMP-1199,2026-09-28,58
EMP-1199,2026-10-05,52
EMP-1199,2026-10-12,55
EMP-1199,2026-10-19,51
EMP-1199,2026-10-26,50
EMP-1199,2026-11-02,54
EMP-1199,2026-11-09,53
EMP-1199,2026-11-16,51
EMP-1199,2026-11-23,55
EMP-1199,2026-11-30,50
EMP-1199,2026-12-07,53
EMP-1199,2026-12-14,48
EMP-1199,2026-12-21,58
EMP-1199,2026-12-28,58
EMP-1199,2027-01-04,50
EMP-1199,2027-01-11,52
EMP-1199,2027-01-18,50
EMP-1199,2027-01-25,52
EMP-1199,2027-02-01,58
EMP-1199,2027-02-08,57
EMP-1199,2027-02-15,53
EMP-1199,2027-02-22,53
EMP-1199,2027-03-01,54
EMP-1199,2027-03-08,55
EMP-1199,2027-03-15,53
EMP-1199,2027-03-22,56
EMP-1200,2026-08-31,68
EMP-1200,2026-09-07,66
EMP-1200,2026-09-14,67
EMP-1200,2026-09-21,62
EMP-1200,2026-09-28,60
EMP-1200,2026-10-05,58
EMP-1200,2026-10-12,67
EMP-1200,2026-10-19,66
EMP-1200,2026-10-26,64
EMP-1200,2026-11-02,68
EMP-1200,2026-11-09,61
EMP-1200,2026-11-16,65
EMP-1200,2026-11-23,64
EMP-1200,2026-11-30,68
EMP-1200,2026-12-07,67
EMP-1200,2026-12-14,59
EMP-1200,2026-12-21,68
EMP-1200,2026-12-28,58
EMP-1200,2027-01-04,64
EMP-1200,2027-01-11,65
EMP-1200,2027-01-18,60
EMP-1200,2027-01-25,59
EMP-1200,2027-02-01,63
EMP-1200,2027-02-08,59
EMP-1200,2027-02-15,67
EMP-1200,2027-02-22,65
EMP-1200,2027-03-01,64
EMP-1200,2027-03-08,64
EMP-1200,2027-03-15,61
EMP-1200,2027-03-22,60
EMP-1201,2026-08-31,55
EMP-1201,2026-09-07,53
EMP-1201,2026-09-14,51
EMP-1201,2026-09-21,52
EMP-1201,2026-09-28,55
EMP-1201,2026-10-05,53
EMP-1201,2026-10-12,50
EMP-1201,2026-10-19,55
EMP-1201,2026-10-26,57
EMP-1201,2026-11-02,54
EMP-1201,2026-11-09,47
EMP-1201,2026-11-16,48
EMP-1201,2026-11-23,56
EMP-1201,2026-11-30,51
EMP-1201,2026-12-07,52
EMP-1201,2026-12-14,48
EMP-1201,2026-12-21,51
EMP-1201,2026-12-28,52
EMP-1201,2027-01-04,49
EMP-1201,2027-01-11,51
EMP-1201,2027-01-18,47
EMP-1201,2027-01-25,52
EMP-1201,2027-02-01,56
EMP-1201,2027-02-08,56
EMP-1201,2027-02-15,50
EMP-1201,2027-02-22,48
EMP-1201,2027-03-01,48
EMP-1201,2027-03-08,55
EMP-1201,2027-03-15,50
EMP-1201,2027-03-22,53
EMP-1202,2026-08-31,70
EMP-1202,2026-09-07,67
EMP-1202,2026-09-14,66
EMP-1202,2026-09-21,64
EMP-1202,2026-09-28,61
EMP-1202,2026-10-05,62
EMP-1202,2026-10-12,68
EMP-1202,2026-10-19,68
EMP-1202,2026-10-26,68
EMP-1202,2026-11-02,64
EMP-1202,2026-11-09,63
EMP-1202,2026-11-16,69
EMP-1202,2026-11-23,66
EMP-1202,2026-11-30,68
EMP-1202,2026-12-07,65
EMP-1202,2026-12-14,70
EMP-1202,2026-12-21,67
EMP-1202,2026-12-28,61
EMP-1202,2027-01-04,64
EMP-1202,2027-01-11,70
EMP-1202,2027-01-18,62
EMP-1202,2027-01-25,70
EMP-1202,2027-02-01,67
EMP-1202,2027-02-08,70
EMP-1202,2027-02-15,70
EMP-1202,2027-02-22,64
EMP-1202,2027-03-01,67
EMP-1202,2027-03-08,64
EMP-1202,2027-03-15,70
EMP-1202,2027-03-22,65
EMP-1203,2026-08-31,60
EMP-1203,2026-09-07,63
EMP-1203,2026-09-14,62
EMP-1203,2026-09-21,69
EMP-1203,2026-09-28,64
EMP-1203,2026-10-05,65
EMP-1203,2026-10-12,67
EMP-1203,2026-10-19,70
EMP-1203,2026-10-26,62
EMP-1203,2026-11-02,65
EMP-1203,2026-11-09,70
EMP-1203,2026-11-16,68
EMP-1203,2026-11-23,69
EMP-1203,2026-11-30,68
EMP-1203,2026-12-07,65
EMP-1203,2026-12-14,65
EMP-1203,2026-12-21,63
EMP-1203,2026-12-28,61
EMP-1203,2027-01-04,62
EMP-1203,2027-01-11,62
EMP-1203,2027-01-18,65
EMP-1203,2027-01-25,66
EMP-1203,2027-02-01,65
EMP-1203,2027-02-08,64
EMP-1203,2027-02-15,70
EMP-1203,2027-02-22,69
EMP-1203,2027-03-01,68
EMP-1203,2027-03-08,67
EMP-1203,2027-03-15,69
EMP-1203,2027-03-22,60
EMP-1204,2026-08-31,53
EMP-1204,2026-09-07,51
EMP-1204,2026-09-14,50
EMP-1204,2026-09-21,54
EMP-1204,2026-09-28,55
EMP-1204,2026-10-05,56
EMP-1204,2026-10-12,59
EMP-1204,2026-10-19,57
EMP-1204,2026-10-26,60
EMP-1204,2026-11-02,55
EMP-1204,2026-11-09,56
EMP-1204,2026-11-16,50
EMP-1204,2026-11-23,55
EMP-1204,2026-11-30,58
EMP-1204,2026-12-07,55
EMP-1204,2026-12-14,53
EMP-1204,2026-12-21,55
EMP-1204,2026-12-28,56
EMP-1204,2027-01-04,53
EMP-1204,2027-01-11,54
EMP-1204,2027-01-18,51
EMP-1204,2027-01-25,52
EMP-1204,2027-02-01,56
EMP-1204,2027-02-08,54
EMP-1204,2027-02-15,55
EMP-1204,2027-02-22,56
EMP-1204,2027-03-01,57
EMP-1204,2027-03-08,52
EMP-1204,2027-03-15,50
EMP-1204,2027-03-22,54
EMP-1205,2026-08-31,48
EMP-1205,2026-09-07,46
EMP-1205,2026-09-14,38
EMP-1205,2026-09-21,46
EMP-1205,2026-09-28,38
EMP-1205,2026-10-05,41
EMP-1205,2026-10-12,40
EMP-1205,2026-10-19,39
EMP-1205,2026-10-26,47
EMP-1205,2026-11-02,41
EMP-1205,2026-11-09,44
EMP-1205,2026-11-16,42
EMP-1205,2026-11-23,39
EMP-1205,2026-11-30,48
EMP-1205,2026-12-07,39
EMP-1205,2026-12-14,45
EMP-1205,2026-12-21,45
EMP-1205,2026-12-28,44
EMP-1205,2027-01-04,39
EMP-1205,2027-01-11,44
EMP-1205,2027-01-18,47
EMP-1205,2027-01-25,46
EMP-1205,2027-02-01,46
EMP-1205,2027-02-08,42
EMP-1205,2027-02-15,46
EMP-1205,2027-02-22,41
EMP-1205,2027-03-01,44
EMP-1205,2027-03-08,41
EMP-1205,2027-03-15,44
EMP-1205,2027-03-22,40
EMP-1206,2026-08-31,61
EMP-1206,2026-09-07,66
EMP-1206,2026-09-14,65
EMP-1206,2026-09-21,61
EMP-1206,2026-09-28,62
EMP-1206,2026-10-05,57
EMP-1206,2026-10-12,61
EMP-1206,2026-10-19,66
EMP-1206,2026-10-26,66
EMP-1206,2026-11-02,63
EMP-1206,2026-11-09,64
EMP-1206,2026-11-16,67
EMP-1206,2026-11-23,63
EMP-1206,2026-11-30,64
EMP-1206,2026-12-07,63
EMP-1206,2026-12-14,57
EMP-1206,2026-12-21,64
EMP-1206,2026-12-28,61
EMP-1206,2027-01-04,63
EMP-1206,2027-01-11,64
EMP-1206,2027-01-18,67
EMP-1206,2027-01-25,67
EMP-1206,2027-02-01,57
EMP-1206,2027-02-08,58
EMP-1206,2027-02-15,58
EMP-1206,2027-02-22,61
EMP-1206,2027-03-01,58
EMP-1206,2027-03-08,62
EMP-1206,2027-03-15,66
EMP-1206,2027-03-22,64
EMP-1207,2026-08-31,53
EMP-1207,2026-09-07,48
EMP-1207,2026-09-14,56
EMP-1207,2026-09-21,57
EMP-1207,2026-09-28,54
EMP-1207,2026-10-05,51
EMP-1207,2026-10-12,49
EMP-1207,2026-10-19,53
EMP-1207,2026-10-26,57
EMP-1207,2026-11-02,58
EMP-1207,2026-11-09,51
EMP-1207,2026-11-16,49
EMP-1207,2026-11-23,53
EMP-1207,2026-11-30,50
EMP-1207,2026-12-07,49
EMP-1207,2026-12-14,53
EMP-1207,2026-12-21,58
EMP-1207,2026-12-28,51
EMP-1207,2027-01-04,52
EMP-1207,2027-01-11,48
EMP-1207,2027-01-18,48
EMP-1207,2027-01-25,51
EMP-1207,2027-02-01,49
EMP-1207,2027-02-08,57
EMP-1207,2027-02-15,50
EMP-1207,2027-02-22,58
EMP-1207,2027-03-01,49
EMP-1207,2027-03-08,49
EMP-1207,2027-03-15,48
EMP-1207,2027-03-22,48
EMP-1208,2026-08-31,60
EMP-1208,2026-09-07,61
EMP-1208,2026-09-14,62
EMP-1208,2026-09-21,59
EMP-1208,2026-09-28,62
EMP-1208,2026-10-05,63
EMP-1208,2026-10-12,64
EMP-1208,2026-10-19,61
EMP-1208,2026-10-26,69
EMP-1208,2026-11-02,65
EMP-1208,2026-11-09,62
EMP-1208,2026-11-16,68
EMP-1208,2026-11-23,69
EMP-1208,2026-11-30,65
EMP-1208,2026-12-07,66
EMP-1208,2026-12-14,62
EMP-1208,2026-12-21,60
EMP-1208,2026-12-28,63
EMP-1208,2027-01-04,60
EMP-1208,2027-01-11,59
EMP-1208,2027-01-18,64
EMP-1208,2027-01-25,69
EMP-1208,2027-02-01,62
EMP-1208,2027-02-08,65
EMP-1208,2027-02-15,66
EMP-1208,2027-02-22,63
EMP-1208,2027-03-01,63
EMP-1208,2027-03-08,62
EMP-1208,2027-03-15,68
EMP-1208,2027-03-22,61
EMP-1209,2026-08-31,41
EMP-1209,2026-09-07,31
EMP-1209,2026-09-14,38
EMP-1209,2026-09-21,31
EMP-1209,2026-09-28,40
EMP-1209,2026-10-05,39
EMP-1209,2026-10-12,35
EMP-1209,2026-10-19,33
EMP-1209,2026-10-26,34
EMP-1209,2026-11-02,38
EMP-1209,2026-11-09,41
EMP-1209,2026-11-16,34
EMP-1209,2026-11-23,32
EMP-1209,2026-11-30,34
EMP-1209,2026-12-07,37
EMP-1209,2026-12-14,39
EMP-1209,2026-12-21,40
EMP-1209,2026-12-28,32
EMP-1209,2027-01-04,34
EMP-1209,2027-01-11,35
EMP-1209,2027-01-18,39
EMP-1209,2027-01-25,33
EMP-1209,2027-02-01,38
EMP-1209,2027-02-08,35
EMP-1209,2027-02-15,34
EMP-1209,2027-02-22,36
EMP-1209,2027-03-01,31
EMP-1209,2027-03-08,32
EMP-1209,2027-03-15,36
EMP-1209,2027-03-22,41
EMP-1210,2026-08-31,56
EMP-1210,2026-09-07,47
EMP-1210,2026-09-14,53
EMP-1210,2026-09-21,55
EMP-1210,2026-09-28,53
EMP-1210,2026-10-05,52
EMP-1210,2026-10-12,47
EMP-1210,2026-10-19,50
EMP-1210,2026-10-26,57
EMP-1210,2026-11-02,54
EMP-1210,2026-11-09,50
EMP-1210,2026-11-16,50
EMP-1210,2026-11-23,48
EMP-1210,2026-11-30,55
EMP-1210,2026-12-07,54
EMP-1210,2026-12-14,53
EMP-1210,2026-12-21,48
EMP-1210,2026-12-28,56
EMP-1210,2027-01-04,51
EMP-1210,2027-01-11,55
EMP-1210,2027-01-18,54
EMP-1210,2027-01-25,56
EMP-1210,2027-02-01,48
EMP-1210,2027-02-08,47
EMP-1210,2027-02-15,51
EMP-1210,2027-02-22,49
EMP-1210,2027-03-01,57
EMP-1210,2027-03-08,48
EMP-1210,2027-03-15,53
EMP-1210,2027-03-22,53
EMP-1211,2026-08-31,68
EMP-1211,2026-09-07,63
EMP-1211,2026-09-14,62
EMP-1211,2026-09-21,63
EMP-1211,2026-09-28,62
EMP-1211,2026-10-05,64
EMP-1211,2026-10-12,64
EMP-1211,2026-10-19,68
EMP-1211,2026-10-26,63
EMP-1211,2026-11-02,60
EMP-1211,2026-11-09,62
EMP-1211,2026-11-16,68
EMP-1211,2026-11-23,62
EMP-1211,2026-11-30,68
EMP-1211,2026-12-07,67
EMP-1211,2026-12-14,66
EMP-1211,2026-12-21,69
EMP-1211,2026-12-28,62
EMP-1211,2027-01-04,67
EMP-1211,2027-01-11,63
EMP-1211,2027-01-18,60
EMP-1211,2027-01-25,69
EMP-1211,2027-02-01,62
EMP-1211,2027-02-08,60
EMP-1211,2027-02-15,66
EMP-1211,2027-02-22,67
EMP-1211,2027-03-01,60
EMP-1211,2027-03-08,68
EMP-1211,2027-03-15,68
EMP-1211,2027-03-22,65
EMP-1212,2026-08-31,56
EMP-1212,2026-09-07,59
EMP-1212,2026-09-14,57
EMP-1212,2026-09-21,61
EMP-1212,2026-09-28,59
EMP-1212,2026-10-05,63
EMP-1212,2026-10-12,60
EMP-1212,2026-10-19,64
EMP-1212,2026-10-26,59
EMP-1212,2026-11-02,58
EMP-1212,2026-11-09,54
EMP-1212,2026-11-16,57
EMP-1212,2026-11-23,55
EMP-1212,2026-11-30,56
EMP-1212,2026-12-07,57
EMP-1212,2026-12-14,57
EMP-1212,2026-12-21,54
EMP-1212,2026-12-28,60
EMP-1212,2027-01-04,63
EMP-1212,2027-01-11,59
EMP-1212,2027-01-18,63
EMP-1212,2027-01-25,58
EMP-1212,2027-02-01,59
EMP-1212,2027-02-08,60
EMP-1212,2027-02-15,59
EMP-1212,2027-02-22,64
EMP-1212,2027-03-01,61
EMP-1212,2027-03-08,62
EMP-1212,2027-03-15,63
EMP-1212,2027-03-22,58
EMP-1213,2026-08-31,41
EMP-1213,2026-09-07,41
EMP-1213,2026-09-14,40
EMP-1213,2026-09-21,39
EMP-1213,2026-09-28,45
EMP-1213,2026-10-05,46
EMP-1213,2026-10-12,37
EMP-1213,2026-10-19,47
EMP-1213,2026-10-26,41
EMP-1213,2026-11-02,43
EMP-1213,2026-11-09,47
EMP-1213,2026-11-16,38
EMP-1213,2026-11-23,46
EMP-1213,2026-11-30,43
EMP-1213,2026-12-07,47
EMP-1213,2026-12-14,37
EMP-1213,2026-12-21,45
EMP-1213,2026-12-28,47
EMP-1213,2027-01-04,46
EMP-1213,2027-01-11,41
EMP-1213,2027-01-18,45
EMP-1213,2027-01-25,47
EMP-1213,2027-02-01,42
EMP-1213,2027-02-08,46
EMP-1213,2027-02-15,45
EMP-1213,2027-02-22,43
EMP-1213,2027-03-01,45
EMP-1213,2027-03-08,43
EMP-1213,2027-03-15,40
EMP-1213,2027-03-22,42
EMP-1214,2026-08-31,38
EMP-1214,2026-09-07,43
EMP-1214,2026-09-14,38
EMP-1214,2026-09-21,40
EMP-1214,2026-09-28,46
EMP-1214,2026-10-05,39
EMP-1214,2026-10-12,39
EMP-1214,2026-10-19,39
EMP-1214,2026-10-26,46
EMP-1214,2026-11-02,42
EMP-1214,2026-11-09,42
EMP-1214,2026-11-16,44
EMP-1214,2026-11-23,39
EMP-1214,2026-11-30,44
EMP-1214,2026-12-07,45
EMP-1214,2026-12-14,41
EMP-1214,2026-12-21,46
EMP-1214,2026-12-28,40
EMP-1214,2027-01-04,44
EMP-1214,2027-01-11,41
EMP-1214,2027-01-18,39
EMP-1214,2027-01-25,38
EMP-1214,2027-02-01,42
EMP-1214,2027-02-08,41
EMP-1214,2027-02-15,43
EMP-1214,2027-02-22,41
EMP-1214,2027-03-01,41
EMP-1214,2027-03-08,39
EMP-1214,2027-03-15,45
EMP-1214,2027-03-22,40
EMP-1215,2026-08-31,57
EMP-1215,2026-09-07,59
EMP-1215,2026-09-14,57
EMP-1215,2026-09-21,57
EMP-1215,2026-09-28,57
EMP-1215,2026-10-05,58
EMP-1215,2026-10-12,60
EMP-1215,2026-10-19,58
EMP-1215,2026-10-26,57
EMP-1215,2026-11-02,65
EMP-1215,2026-11-09,64
EMP-1215,2026-11-16,58
EMP-1215,2026-11-23,58
EMP-1215,2026-11-30,63
EMP-1215,2026-12-07,64
EMP-1215,2026-12-14,66
EMP-1215,2026-12-21,59
EMP-1215,2026-12-28,58
EMP-1215,2027-01-04,62
EMP-1215,2027-01-11,65
EMP-1215,2027-01-18,59
EMP-1215,2027-01-25,57
EMP-1215,2027-02-01,57
EMP-1215,2027-02-08,60
EMP-1215,2027-02-15,67
EMP-1215,2027-02-22,66
EMP-1215,2027-03-01,65
EMP-1215,2027-03-08,62
EMP-1215,2027-03-15,67
EMP-1215,2027-03-22,67
EMP-1216,2026-08-31,55
EMP-1216,2026-09-07,56
EMP-1216,2026-09-14,53
EMP-1216,2026-09-21,50
EMP-1216,2026-09-28,52
EMP-1216,2026-10-05,54
EMP-1216,2026-10-12,55
EMP-1216,2026-10-19,53
EMP-1216,2026-10-26,58
EMP-1216,2026-11-02,55
EMP-1216,2026-11-09,55
EMP-1216,2026-11-16,52
EMP-1216,2026-11-23,52
EMP-1216,2026-11-30,50
EMP-1216,2026-12-07,56
EMP-1216,2026-12-14,57
EMP-1216,2026-12-21,53
EMP-1216,2026-12-28,50
EMP-1216,2027-01-04,54
EMP-1216,2027-01-11,53
EMP-1216,2027-01-18,57
EMP-1216,2027-01-25,51
EMP-1216,2027-02-01,53
EMP-1216,2027-02-08,51
EMP-1216,2027-02-15,56
EMP-1216,2027-02-22,57
EMP-1216,2027-03-01,57
EMP-1216,2027-03-08,50
EMP-1216,2027-03-15,55
EMP-1216,2027-03-22,56
EMP-1217,2026-08-31,70
EMP-1217,2026-09-07,62
EMP-1217,2026-09-14,67
EMP-1217,2026-09-21,60
EMP-1217,2026-09-28,61
EMP-1217,2026-10-05,68
EMP-1217,2026-10-12,63
EMP-1217,2026-10-19,60
EMP-1217,2026-10-26,69
EMP-1217,2026-11-02,68
EMP-1217,2026-11-09,70
EMP-1217,2026-11-16,60
EMP-1217,2026-11-23,68
EMP-1217,2026-11-30,64
EMP-1217,2026-12-07,69
EMP-1217,2026-12-14,66
EMP-1217,2026-12-21,60
EMP-1217,2026-12-28,62
EMP-1217,2027-01-04,61
EMP-1217,2027-01-11,62
EMP-1217,2027-01-18,67
EMP-1217,2027-01-25,61
EMP-1217,2027-02-01,66
EMP-1217,2027-02-08,62
EMP-1217,2027-02-15,60
EMP-1217,2027-02-22,62
EMP-1217,2027-03-01,68
EMP-1217,2027-03-08,68
EMP-1217,2027-03-15,62
EMP-1217,2027-03-22,70
EMP-1218,2026-08-31,38
EMP-1218,2026-09-07,47
EMP-1218,2026-09-14,48
EMP-1218,2026-09-21,41
EMP-1218,2026-09-28,40
EMP-1218,2026-10-05,47
EMP-1218,2026-10-12,45
EMP-1218,2026-10-19,38
EMP-1218,2026-10-26,46
EMP-1218,2026-11-02,38
EMP-1218,2026-11-09,42
EMP-1218,2026-11-16,42
EMP-1218,2026-11-23,42
EMP-1218,2026-11-30,41
EMP-1218,2026-12-07,39
EMP-1218,2026-12-14,40
EMP-1218,2026-12-21,48
EMP-1218,2026-12-28,48
EMP-1218,2027-01-04,48
EMP-1218,2027-01-11,40
EMP-1218,2027-01-18,38
EMP-1218,2027-01-25,45
EMP-1218,2027-02-01,46
EMP-1218,2027-02-08,42
EMP-1218,2027-02-15,48
EMP-1218,2027-02-22,48
EMP-1218,2027-03-01,39
EMP-1218,2027-03-08,45
EMP-1218,2027-03-15,43
EMP-1218,2027-03-22,42
EMP-1219,2026-08-31,64
EMP-1219,2026-09-07,64
EMP-1219,2026-09-14,56
EMP-1219,2026-09-21,60
EMP-1219,2026-09-28,56
EMP-1219,2026-10-05,60
EMP-1219,2026-10-12,60
EMP-1219,2026-10-19,60
EMP-1219,2026-10-26,62
EMP-1219,2026-11-02,61
EMP-1219,2026-11-09,62
EMP-1219,2026-11-16,66
EMP-1219,2026-11-23,64
EMP-1219,2026-11-30,65
EMP-1219,2026-12-07,59
EMP-1219,2026-12-14,62
EMP-1219,2026-12-21,60
EMP-1219,2026-12-28,63
EMP-1219,2027-01-04,57
EMP-1219,2027-01-11,62
EMP-1219,2027-01-18,63
EMP-1219,2027-01-25,63
EMP-1219,2027-02-01,65
EMP-1219,2027-02-08,58
EMP-1219,2027-02-15,59
EMP-1219,2027-02-22,63
EMP-1219,2027-03-01,66
EMP-1219,2027-03-08,62
EMP-1219,2027-03-15,63
EMP-1219,2027-03-22,57
EMP-1220,2026-08-31,43
EMP-1220,2026-09-07,40
EMP-1220,2026-09-14,42
EMP-1220,2026-09-21,44
EMP-1220,2026-09-28,40
EMP-1220,2026-10-05,50
EMP-1220,2026-10-12,42
EMP-1220,2026-10-19,48
EMP-1220,2026-10-26,44
EMP-1220,2026-11-02,50
EMP-1220,2026-11-09,44
EMP-1220,2026-11-16,42
EMP-1220,2026-11-23,43
EMP-1220,2026-11-30,42
EMP-1220,2026-12-07,42
EMP-1220,2026-12-14,49
EMP-1220,2026-12-21,47
EMP-1220,2026-12-28,41
EMP-1220,2027-01-04,50
EMP-1220,2027-01-11,41
EMP-1220,2027-01-18,49
EMP-1220,2027-01-25,42
EMP-1220,2027-02-01,46
EMP-1220,2027-02-08,43
EMP-1220,2027-02-15,47
EMP-1220,2027-02-22,46
EMP-1220,2027-03-01,42
EMP-1220,2027-03-08,50
EMP-1220,2027-03-15,50
EMP-1220,2027-03-22,50
EMP-1221,2026-08-31,65
EMP-1221,2026-09-07,61
EMP-1221,2026-09-14,69
EMP-1221,2026-09-21,63
EMP-1221,2026-09-28,62
EMP-1221,2026-10-05,69
EMP-1221,2026-10-12,59
EMP-1221,2026-10-19,63
EMP-1221,2026-10-26,67
EMP-1221,2026-11-02,67
EMP-1221,2026-11-09,65
EMP-1221,2026-11-16,66
EMP-1221,2026-11-23,62
EMP-1221,2026-11-30,64
EMP-1221,2026-12-07,67
EMP-1221,2026-12-14,62
EMP-1221,2026-12-21,65
EMP-1221,2026-12-28,68
EMP-1221,2027-01-04,60
EMP-1221,2027-01-11,61
EMP-1221,2027-01-18,59
EMP-1221,2027-01-25,60
EMP-1221,2027-02-01,62
EMP-1221,2027-02-08,62
EMP-1221,2027-02-15,66
EMP-1221,2027-02-22,64
EMP-1221,2027-03-01,62
EMP-1221,2027-03-08,69
EMP-1221,2027-03-15,69
EMP-1221,2027-03-22,60
EMP-1222,2026-08-31,59
EMP-1222,2026-09-07,60
EMP-1222,2026-09-14,58
EMP-1222,2026-09-21,61
EMP-1222,2026-09-28,53
EMP-1222,2026-10-05,60
EMP-1222,2026-10-12,59
EMP-1222,2026-10-19,51
EMP-1222,2026-10-26,60
EMP-1222,2026-11-02,57
EMP-1222,2026-11-09,52
EMP-1222,2026-11-16,58
EMP-1222,2026-11-23,55
EMP-1222,2026-11-30,60
EMP-1222,2026-12-07,57
EMP-1222,2026-12-14,52
EMP-1222,2026-12-21,60
EMP-1222,2026-12-28,57
EMP-1222,2027-01-04,61
EMP-1222,2027-01-11,57
EMP-1222,2027-01-18,52
EMP-1222,2027-01-25,58
EMP-1222,2027-02-01,51
EMP-1222,2027-02-08,52
EMP-1222,2027-02-15,61
EMP-1222,2027-02-22,54
EMP-1222,2027-03-01,54
EMP-1222,2027-03-08,59
EMP-1222,2027-03-15,51
EMP-1222,2027-03-22,51
EMP-1223,2026-08-31,70
EMP-1223,2026-09-07,66
EMP-1223,2026-09-14,61
EMP-1223,2026-09-21,60
EMP-1223,2026-09-28,63
EMP-1223,2026-10-05,61
EMP-1223,2026-10-12,70
EMP-1223,2026-10-19,68
EMP-1223,2026-10-26,70
EMP-1223,2026-11-02,61
EMP-1223,2026-11-09,61
EMP-1223,2026-11-16,60
EMP-1223,2026-11-23,62
EMP-1223,2026-11-30,66
EMP-1223,2026-12-07,60
EMP-1223,2026-12-14,66
EMP-1223,2026-12-21,60
EMP-1223,2026-12-28,69
EMP-1223,2027-01-04,64
EMP-1223,2027-01-11,68
EMP-1223,2027-01-18,67
EMP-1223,2027-01-25,62
EMP-1223,2027-02-01,67
EMP-1223,2027-02-08,64
EMP-1223,2027-02-15,66
EMP-1223,2027-02-22,66
EMP-1223,2027-03-01,65
EMP-1223,2027-03-08,62
EMP-1223,2027-03-15,66
EMP-1223,2027-03-22,69
EMP-1224,2026-08-31,37
EMP-1224,2026-09-07,37
EMP-1224,2026-09-14,33
EMP-1224,2026-09-21,38
EMP-1224,2026-09-28,33
EMP-1224,2026-10-05,33
EMP-1224,2026-10-12,36
EMP-1224,2026-10-19,42
EMP-1224,2026-10-26,40
EMP-1224,2026-11-02,36
EMP-1224,2026-11-09,36
EMP-1224,2026-11-16,38
EMP-1224,2026-11-23,36
EMP-1224,2026-11-30,41
EMP-1224,2026-12-07,36
EMP-1224,2026-12-14,33
EMP-1224,2026-12-21,40
EMP-1224,2026-12-28,37
EMP-1224,2027-01-04,34
EMP-1224,2027-01-11,41
EMP-1224,2027-01-18,35
EMP-1224,2027-01-25,33
EMP-1224,2027-02-01,40
EMP-1224,2027-02-08,36
EMP-1224,2027-02-15,43
EMP-1224,2027-02-22,41
EMP-1224,2027-03-01,33
EMP-1224,2027-03-08,37
EMP-1224,2027-03-15,38
EMP-1224,2027-03-22,35
EMP-1225,2026-08-31,59
EMP-1225,2026-09-07,60
EMP-1225,2026-09-14,60
EMP-1225,2026-09-21,57
EMP-1225,2026-09-28,56
EMP-1225,2026-10-05,55
EMP-1225,2026-10-12,65
EMP-1225,2026-10-19,62
EMP-1225,2026-10-26,57
EMP-1225,2026-11-02,57
EMP-1225,2026-11-09,59
EMP-1225,2026-11-16,62
EMP-1225,2026-11-23,60
EMP-1225,2026-11-30,64
EMP-1225,2026-12-07,55
EMP-1225,2026-12-14,63
EMP-1225,2026-12-21,56
EMP-1225,2026-12-28,58
EMP-1225,2027-01-04,55
EMP-1225,2027-01-11,61
EMP-1225,2027-01-18,59
EMP-1225,2027-01-25,55
EMP-1225,2027-02-01,65
EMP-1225,2027-02-08,60
EMP-1225,2027-02-15,63
EMP-1225,2027-02-22,58
EMP-1225,2027-03-01,61
EMP-1225,2027-03-08,60
EMP-1225,2027-03-15,56
EMP-1225,2027-03-22,61
EMP-1226,2026-08-31,65
EMP-1226,2026-09-07,59
EMP-1226,2026-09-14,66
EMP-1226,2026-09-21,69
EMP-1226,2026-09-28,60
EMP-1226,2026-10-05,60
EMP-1226,2026-10-12,61
EMP-1226,2026-10-19,68
EMP-1226,2026-10-26,59
EMP-1226,2026-11-02,69
EMP-1226,2026-11-09,69
EMP-1226,2026-11-16,64
EMP-1226,2026-11-23,69
EMP-1226,2026-11-30,63
EMP-1226,2026-12-07,59
EMP-1226,2026-12-14,67
EMP-1226,2026-12-21,62
EMP-1226,2026-12-28,67
EMP-1226,2027-01-04,67
EMP-1226,2027-01-11,60
EMP-1226,2027-01-18,61
EMP-1226,2027-01-25,68
EMP-1226,2027-02-01,61
EMP-1226,2027-02-08,69
EMP-1226,2027-02-15,68
EMP-1226,2027-02-22,68
EMP-1226,2027-03-01,64
EMP-1226,2027-03-08,68
EMP-1226,2027-03-15,62
EMP-1226,2027-03-22,66
EMP-1227,2026-08-31,62
EMP-1227,2026-09-07,55
EMP-1227,2026-09-14,60
EMP-1227,2026-09-21,61
EMP-1227,2026-09-28,62
EMP-1227,2026-10-05,59
EMP-1227,2026-10-12,65
EMP-1227,2026-10-19,61
EMP-1227,2026-10-26,59
EMP-1227,2026-11-02,61
EMP-1227,2026-11-09,62
EMP-1227,2026-11-16,56
EMP-1227,2026-11-23,64
EMP-1227,2026-11-30,62
EMP-1227,2026-12-07,58
EMP-1227,2026-12-14,62
EMP-1227,2026-12-21,61
EMP-1227,2026-12-28,64
EMP-1227,2027-01-04,64
EMP-1227,2027-01-11,64
EMP-1227,2027-01-18,59
EMP-1227,2027-01-25,60
EMP-1227,2027-02-01,63
EMP-1227,2027-02-08,63
EMP-1227,2027-02-15,63
EMP-1227,2027-02-22,58
EMP-1227,2027-03-01,64
EMP-1227,2027-03-08,59
EMP-1227,2027-03-15,60
EMP-1227,2027-03-22,56
EMP-1228,2026-08-31,64
EMP-1228,2026-09-07,62
EMP-1228,2026-09-14,66
EMP-1228,2026-09-21,64
EMP-1228,2026-09-28,66
EMP-1228,2026-10-05,66
EMP-1228,2026-10-12,67
EMP-1228,2026-10-19,70
EMP-1228,2026-10-26,68
EMP-1228,2026-11-02,65
EMP-1228,2026-11-09,62
EMP-1228,2026-11-16,64
EMP-1228,2026-11-23,68
EMP-1228,2026-11-30,61
EMP-1228,2026-12-07,64
EMP-1228,2026-12-14,66
EMP-1228,2026-12-21,65
EMP-1228,2026-12-28,61
EMP-1228,2027-01-04,68
EMP-1228,2027-01-11,68
EMP-1228,2027-01-18,62
EMP-1228,2027-01-25,60
EMP-1228,2027-02-01,62
EMP-1228,2027-02-08,70
EMP-1228,2027-02-15,68
EMP-1228,2027-02-22,63
EMP-1228,2027-03-01,69
EMP-1228,2027-03-08,63
EMP-1228,2027-03-15,64
EMP-1228,2027-03-22,60
EMP-1229,2026-08-31,64
EMP-1229,2026-09-07,56
EMP-1229,2026-09-14,63
EMP-1229,2026-09-21,57
EMP-1229,2026-09-28,59
EMP-1229,2026-10-05,54
EMP-1229,2026-10-12,59
EMP-1229,2026-10-19,55
EMP-1229,2026-10-26,55
EMP-1229,2026-11-02,63
EMP-1229,2026-11-09,64
EMP-1229,2026-11-16,58
EMP-1229,2026-11-23,59
EMP-1229,2026-11-30,58
EMP-1229,2026-12-07,54
EMP-1229,2026-12-14,59
EMP-1229,2026-12-21,61
EMP-1229,2026-12-28,57
EMP-1229,2027-01-04,58
EMP-1229,2027-01-11,63
EMP-1229,2027-01-18,57
EMP-1229,2027-01-25,60
EMP-1229,2027-02-01,54
EMP-1229,2027-02-08,62
EMP-1229,2027-02-15,61
EMP-1229,2027-02-22,63
EMP-1229,2027-03-01,63
EMP-1229,2027-03-08,62
EMP-1229,2027-03-15,59
EMP-1229,2027-03-22,63
EMP-1230,2026-08-31,59
EMP-1230,2026-09-07,58
EMP-1230,2026-09-14,68
EMP-1230,2026-09-21,68
EMP-1230,2026-09-28,66
EMP-1230,2026-10-05,64
EMP-1230,2026-10-12,58
EMP-1230,2026-10-19,68
EMP-1230,2026-10-26,66
EMP-1230,2026-11-02,62
EMP-1230,2026-11-09,61
EMP-1230,2026-11-16,58
EMP-1230,2026-11-23,59
EMP-1230,2026-11-30,68
EMP-1230,2026-12-07,61
EMP-1230,2026-12-14,59
EMP-1230,2026-12-21,63
EMP-1230,2026-12-28,65
EMP-1230,2027-01-04,62
EMP-1230,2027-01-11,64
EMP-1230,2027-01-18,61
EMP-1230,2027-01-25,65
EMP-1230,2027-02-01,63
EMP-1230,2027-02-08,60
EMP-1230,2027-02-15,65
EMP-1230,2027-02-22,58
EMP-1230,2027-03-01,63
EMP-1230,2027-03-08,64
EMP-1230,2027-03-15,65
EMP-1230,2027-03-22,59
EMP-1231,2026-08-31,55
EMP-1231,2026-09-07,59
EMP-1231,2026-09-14,51
EMP-1231,2026-09-21,54
EMP-1231,2026-09-28,58
EMP-1231,2026-10-05,52
EMP-1231,2026-10-12,56
EMP-1231,2026-10-19,55
EMP-1231,2026-10-26,54
EMP-1231,2026-11-02,56
EMP-1231,2026-11-09,60
EMP-1231,2026-11-16,58
EMP-1231,2026-11-23,59
EMP-1231,2026-11-30,54
EMP-1231,2026-12-07,54
EMP-1231,2026-12-14,52
EMP-1231,2026-12-21,55
EMP-1231,2026-12-28,54
EMP-1231,2027-01-04,53
EMP-1231,2027-01-11,52
EMP-1231,2027-01-18,51
EMP-1231,2027-01-25,55
EMP-1231,2027-02-01,52
EMP-1231,2027-02-08,60
EMP-1231,2027-02-15,50
EMP-1231,2027-02-22,56
EMP-1231,2027-03-01,54
EMP-1231,2027-03-08,58
EMP-1231,2027-03-15,51
EMP-1231,2027-03-22,50
EMP-1232,2026-08-31,57
EMP-1232,2026-09-07,66
EMP-1232,2026-09-14,66
EMP-1232,2026-09-21,57
EMP-1232,2026-09-28,58
EMP-1232,2026-10-05,65
EMP-1232,2026-10-12,60
EMP-1232,2026-10-19,66
EMP-1232,2026-10-26,64
EMP-1232,2026-11-02,63
EMP-1232,2026-11-09,62
EMP-1232,2026-11-16,60
EMP-1232,2026-11-23,57
EMP-1232,2026-11-30,62
EMP-1232,2026-12-07,58
EMP-1232,2026-12-14,63
EMP-1232,2026-12-21,65
EMP-1232,2026-12-28,63
EMP-1232,2027-01-04,58
EMP-1232,2027-01-11,62
EMP-1232,2027-01-18,57
EMP-1232,2027-01-25,64
EMP-1232,2027-02-01,60
EMP-1232,2027-02-08,66
EMP-1232,2027-02-15,57
EMP-1232,2027-02-22,59
EMP-1232,2027-03-01,59
EMP-1232,2027-03-08,59
EMP-1232,2027-03-15,66
EMP-1232,2027-03-22,61
EMP-1233,2026-08-31,70
EMP-1233,2026-09-07,70
EMP-1233,2026-09-14,70
EMP-1233,2026-09-21,64
EMP-1233,2026-09-28,70
EMP-1233,2026-10-05,62
EMP-1233,2026-10-12,68
EMP-1233,2026-10-19,61
EMP-1233,2026-10-26,69
EMP-1233,2026-11-02,64
EMP-1233,2026-11-09,67
EMP-1233,2026-11-16,61
EMP-1233,2026-11-23,70
EMP-1233,2026-11-30,62
EMP-1233,2026-12-07,62
EMP-1233,2026-12-14,66
EMP-1233,2026-12-21,61
EMP-1233,2026-12-28,64
EMP-1233,2027-01-04,64
EMP-1233,2027-01-11,65
EMP-1233,2027-01-18,65
EMP-1233,2027-01-25,63
EMP-1233,2027-02-01,67
EMP-1233,2027-02-08,62
EMP-1233,2027-02-15,66
EMP-1233,2027-02-22,62
EMP-1233,2027-03-01,70
EMP-1233,2027-03-08,63
EMP-1233,2027-03-15,63
EMP-1233,2027-03-22,70
EMP-1234,2026-08-31,47
EMP-1234,2026-09-07,42
EMP-1234,2026-09-14,42
EMP-1234,2026-09-21,50
EMP-1234,2026-09-28,48
EMP-1234,2026-10-05,45
EMP-1234,2026-10-12,40
EMP-1234,2026-10-19,48
EMP-1234,2026-10-26,47
EMP-1234,2026-11-02,41
EMP-1234,2026-11-09,48
EMP-1234,2026-11-16,43
EMP-1234,2026-11-23,44
EMP-1234,2026-11-30,47
EMP-1234,2026-12-07,42
EMP-1234,2026-12-14,42
EMP-1234,2026-12-21,45
EMP-1234,2026-12-28,49
EMP-1234,2027-01-04,46
EMP-1234,2027-01-11,45
EMP-1234,2027-01-18,44
EMP-1234,2027-01-25,46
EMP-1234,2027-02-01,48
EMP-1234,2027-02-08,40
EMP-1234,2027-02-15,41
EMP-1234,2027-02-22,42
EMP-1234,2027-03-01,43
EMP-1234,2027-03-08,42
EMP-1234,2027-03-15,50
EMP-1234,2027-03-22,46
EMP-1235,2026-08-31,53
EMP-1235,2026-09-07,59
EMP-1235,2026-09-14,51
EMP-1235,2026-09-21,53
EMP-1235,2026-09-28,56
EMP-1235,2026-10-05,55
EMP-1235,2026-10-12,52
EMP-1235,2026-10-19,52
EMP-1235,2026-10-26,55
EMP-1235,2026-11-02,59
EMP-1235,2026-11-09,51
EMP-1235,2026-11-16,54
EMP-1235,2026-11-23,56
EMP-1235,2026-11-30,57
EMP-1235,2026-12-07,56
EMP-1235,2026-12-14,59
EMP-1235,2026-12-21,57
EMP-1235,2026-12-28,55
EMP-1235,2027-01-04,51
EMP-1235,2027-01-11,56
EMP-1235,2027-01-18,50
EMP-1235,2027-01-25,54
EMP-1235,2027-02-01,60
EMP-1235,2027-02-08,56
EMP-1235,2027-02-15,58
EMP-1235,2027-02-22,52
EMP-1235,2027-03-01,50
EMP-1235,2027-03-08,57
EMP-1235,2027-03-15,58
EMP-1235,2027-03-22,56
EMP-1236,2026-08-31,58
EMP-1236,2026-09-07,55
EMP-1236,2026-09-14,57
EMP-1236,2026-09-21,52
EMP-1236,2026-09-28,55
EMP-1236,2026-10-05,51
EMP-1236,2026-10-12,56
EMP-1236,2026-10-19,51
EMP-1236,2026-10-26,54
EMP-1236,2026-11-02,56
EMP-1236,2026-11-09,54
EMP-1236,2026-11-16,59
EMP-1236,2026-11-23,55
EMP-1236,2026-11-30,59
EMP-1236,2026-12-07,56
EMP-1236,2026-12-14,55
EMP-1236,2026-12-21,52
EMP-1236,2026-12-28,53
EMP-1236,2027-01-04,50
EMP-1236,2027-01-11,50
EMP-1236,2027-01-18,59
EMP-1236,2027-01-25,55
EMP-1236,2027-02-01,55
EMP-1236,2027-02-08,56
EMP-1236,2027-02-15,51
EMP-1236,2027-02-22,53
EMP-1236,2027-03-01,50
EMP-1236,2027-03-08,58
EMP-1236,2027-03-15,55
EMP-1236,2027-03-22,52
EMP-1237,2026-08-31,50
EMP-1237,2026-09-07,56
EMP-1237,2026-09-14,47
EMP-1237,2026-09-21,55
EMP-1237,2026-09-28,56
EMP-1237,2026-10-05,57
EMP-1237,2026-10-12,56
EMP-1237,2026-10-19,47
EMP-1237,2026-10-26,49
EMP-1237,2026-11-02,51
EMP-1237,2026-11-09,57
EMP-1237,2026-11-16,51
EMP-1237,2026-11-23,53
EMP-1237,2026-11-30,54
EMP-1237,2026-12-07,55
EMP-1237,2026-12-14,48
EMP-1237,2026-12-21,50
EMP-1237,2026-12-28,51
EMP-1237,2027-01-04,52
EMP-1237,2027-01-11,53
EMP-1237,2027-01-18,55
EMP-1237,2027-01-25,48
EMP-1237,2027-02-01,55
EMP-1237,2027-02-08,49
EMP-1237,2027-02-15,56
EMP-1237,2027-02-22,48
EMP-1237,2027-03-01,50
EMP-1237,2027-03-08,57
EMP-1237,2027-03-15,55
EMP-1237,2027-03-22,55
EMP-1238,2026-08-31,61
EMP-1238,2026-09-07,59
EMP-1238,2026-09-14,66
EMP-1238,2026-09-21,66
EMP-1238,2026-09-28,61
EMP-1238,2026-10-05,59
EMP-1238,2026-10-12,58
EMP-1238,2026-10-19,63
EMP-1238,2026-10-26,64
EMP-1238,2026-11-02,65
EMP-1238,2026-11-09,63
EMP-1238,2026-11-16,60
EMP-1238,2026-11-23,58
EMP-1238,2026-11-30,59
EMP-1238,2026-12-07,60
EMP-1238,2026-12-14,59
EMP-1238,2026-12-21,63
EMP-1238,2026-12-28,62
EMP-1238,2027-01-04,56
EMP-1238,2027-01-11,65
EMP-1238,2027-01-18,64
EMP-1238,2027-01-25,63
EMP-1238,2027-02-01,66
EMP-1238,2027-02-08,64
EMP-1238,2027-02-15,63
EMP-1238,2027-02-22,63
EMP-1238,2027-03-01,59
EMP-1238,2027-03-08,62
EMP-1238,2027-03-15,57
EMP-1238,2027-03-22,64
EMP-1239,2026-08-31,51
EMP-1239,2026-09-07,48
EMP-1239,2026-09-14,51
EMP-1239,2026-09-21,58
EMP-1239,2026-09-28,57
EMP-1239,2026-10-05,50
EMP-1239,2026-10-12,52
EMP-1239,2026-10-19,54
EMP-1239,2026-10-26,56
EMP-1239,2026-11-02,53
EMP-1239,2026-11-09,48
EMP-1239,2026-11-16,53
EMP-1239,2026-11-23,54
EMP-1239,2026-11-30,54
EMP-1239,2026-12-07,48
EMP-1239,2026-12-14,53
EMP-1239,2026-12-21,58
EMP-1239,2026-12-28,54
EMP-1239,2027-01-04,58
EMP-1239,2027-01-11,56
EMP-1239,2027-01-18,56
EMP-1239,2027-01-25,48
EMP-1239,2027-02-01,57
EMP-1239,2027-02-08,55
EMP-1239,2027-02-15,48
EMP-1239,2027-02-22,54
EMP-1239,2027-03-01,48
EMP-1239,2027-03-08,52
EMP-1239,2027-03-15,55
EMP-1239,2027-03-22,57
EMP-1240,2026-08-31,57
EMP-1240,2026-09-07,53
EMP-1240,2026-09-14,54
EMP-1240,2026-09-21,56
EMP-1240,2026-09-28,54
EMP-1240,2026-10-05,56
EMP-1240,2026-10-12,59
EMP-1240,2026-10-19,58
EMP-1240,2026-10-26,54
EMP-1240,2026-11-02,61
EMP-1240,2026-11-09,55
EMP-1240,2026-11-16,53
EMP-1240,2026-11-23,57
EMP-1240,2026-11-30,53
EMP-1240,2026-12-07,61
EMP-1240,2026-12-14,53
EMP-1240,2026-12-21,61
EMP-1240,2026-12-28,62
EMP-1240,2027-01-04,62
EMP-1240,2027-01-11,54
EMP-1240,2027-01-18,60
EMP-1240,2027-01-25,58
EMP-1240,2027-02-01,61
EMP-1240,2027-02-08,56
EMP-1240,2027-02-15,53
EMP-1240,2027-02-22,53
EMP-1240,2027-03-01,53
EMP-1240,2027-03-08,56
EMP-1240,2027-03-15,53
EMP-1240,2027-03-22,55
EMP-1241,2026-08-31,40
EMP-1241,2026-09-07,43
EMP-1241,2026-09-14,42
EMP-1241,2026-09-21,47
EMP-1241,2026-09-28,46
EMP-1241,2026-10-05,42
EMP-1241,2026-10-12,48
EMP-1241,2026-10-19,38
EMP-1241,2026-10-26,45
EMP-1241,2026-11-02,45
EMP-1241,2026-11-09,40
EMP-1241,2026-11-16,44
EMP-1241,2026-11-23,39
EMP-1241,2026-11-30,46
EMP-1241,2026-12-07,44
EMP-1241,2026-12-14,42
EMP-1241,2026-12-21,42
EMP-1241,2026-12-28,42
EMP-1241,2027-01-04,43
EMP-1241,2027-01-11,46
EMP-1241,2027-01-18,39
EMP-1241,2027-01-25,46
EMP-1241,2027-02-01,41
EMP-1241,2027-02-08,39
EMP-1241,2027-02-15,44
EMP-1241,2027-02-22,48
EMP-1241,2027-03-01,38
EMP-1241,2027-03-08,38
EMP-1241,2027-03-15,40
EMP-1241,2027-03-22,39
EMP-1242,2026-08-31,53
EMP-1242,2026-09-07,55
EMP-1242,2026-09-14,52
EMP-1242,2026-09-21,59
EMP-1242,2026-09-28,55
EMP-1242,2026-10-05,56
EMP-1242,2026-10-12,57
EMP-1242,2026-10-19,57
EMP-1242,2026-10-26,50
EMP-1242,2026-11-02,50
EMP-1242,2026-11-09,54
EMP-1242,2026-11-16,51
EMP-1242,2026-11-23,56
EMP-1242,2026-11-30,55
EMP-1242,2026-12-07,51
EMP-1242,2026-12-14,53
EMP-1242,2026-12-21,53
EMP-1242,2026-12-28,58
EMP-1242,2027-01-04,50
EMP-1242,2027-01-11,58
EMP-1242,2027-01-18,57
EMP-1242,2027-01-25,50
EMP-1242,2027-02-01,50
EMP-1242,2027-02-08,53
EMP-1242,2027-02-15,58
EMP-1242,2027-02-22,52
EMP-1242,2027-03-01,59
EMP-1242,2027-03-08,52
EMP-1242,2027-03-15,53
EMP-1242,2027-03-22,53
EMP-1243,2026-08-31,40
EMP-1243,2026-09-07,41
EMP-1243,2026-09-14,50
EMP-1243,2026-09-21,44
EMP-1243,2026-09-28,40
EMP-1243,2026-10-05,40
EMP-1243,2026-10-12,44
EMP-1243,2026-10-19,45
EMP-1243,2026-10-26,42
EMP-1243,2026-11-02,42
EMP-1243,2026-11-09,50
EMP-1243,2026-11-16,50
EMP-1243,2026-11-23,49
EMP-1243,2026-11-30,49
EMP-1243,2026-12-07,43
EMP-1243,2026-12-14,47
EMP-1243,2026-12-21,45
EMP-1243,2026-12-28,45
EMP-1243,2027-01-04,46
EMP-1243,2027-01-11,49
EMP-1243,2027-01-18,45
EMP-1243,2027-01-25,40
EMP-1243,2027-02-01,48
EMP-1243,2027-02-08,49
EMP-1243,2027-02-15,48
EMP-1243,2027-02-22,42
EMP-1243,2027-03-01,41
EMP-1243,2027-03-08,50
EMP-1243,2027-03-15,49
EMP-1243,2027-03-22,49
EMP-1244,2026-08-31,67
EMP-1244,2026-09-07,61
EMP-1244,2026-09-14,66
EMP-1244,2026-09-21,67
EMP-1244,2026-09-28,64
EMP-1244,2026-10-05,67
EMP-1244,2026-10-12,64
EMP-1244,2026-10-19,64
EMP-1244,2026-10-26,63
EMP-1244,2026-11-02,63
EMP-1244,2026-11-09,64
EMP-1244,2026-11-16,66
EMP-1244,2026-11-23,61
EMP-1244,2026-11-30,64
EMP-1244,2026-12-07,61
EMP-1244,2026-12-14,67
EMP-1244,2026-12-21,63
EMP-1244,2026-12-28,70
EMP-1244,2027-01-04,65
EMP-1244,2027-01-11,65
EMP-1244,2027-01-18,65
EMP-1244,2027-01-25,65
EMP-1244,2027-02-01,64
EMP-1244,2027-02-08,70
EMP-1244,2027-02-15,70
EMP-1244,2027-02-22,69
EMP-1244,2027-03-01,68
EMP-1244,2027-03-08,68
EMP-1244,2027-03-15,70
EMP-1244,2027-03-22,65
EMP-1245,2026-08-31,45
EMP-1245,2026-09-07,53
EMP-1245,2026-09-14,51
EMP-1245,2026-09-21,46
EMP-1245,2026-09-28,45
EMP-1245,2026-10-05,47
EMP-1245,2026-10-12,49
EMP-1245,2026-10-19,53
EMP-1245,2026-10-26,53
EMP-1245,2026-11-02,53
EMP-1245,2026-11-09,54
EMP-1245,2026-11-16,46
EMP-1245,2026-11-23,49
EMP-1245,2026-11-30,52
EMP-1245,2026-12-07,50
EMP-1245,2026-12-14,46
EMP-1245,2026-12-21,47
EMP-1245,2026-12-28,50
EMP-1245,2027-01-04,47
EMP-1245,2027-01-11,52
EMP-1245,2027-01-18,49
EMP-1245,2027-01-25,53
EMP-1245,2027-02-01,52
EMP-1245,2027-02-08,45
EMP-1245,2027-02-15,52
EMP-1245,2027-02-22,53
EMP-1245,2027-03-01,44
EMP-1245,2027-03-08,48
EMP-1245,2027-03-15,46
EMP-1245,2027-03-22,46
EMP-1246,2026-08-31,52
EMP-1246,2026-09-07,49
EMP-1246,2026-09-14,52
EMP-1246,2026-09-21,56
EMP-1246,2026-09-28,49
EMP-1246,2026-10-05,53
EMP-1246,2026-10-12,51
EMP-1246,2026-10-19,50
EMP-1246,2026-10-26,50
EMP-1246,2026-11-02,58
EMP-1246,2026-11-09,54
EMP-1246,2026-11-16,54
EMP-1246,2026-11-23,58
EMP-1246,2026-11-30,51
EMP-1246,2026-12-07,56
EMP-1246,2026-12-14,56
EMP-1246,2026-12-21,50
EMP-1246,2026-12-28,58
EMP-1246,2027-01-04,50
EMP-1246,2027-01-11,58
EMP-1246,2027-01-18,49
EMP-1246,2027-01-25,50
EMP-1246,2027-02-01,53
EMP-1246,2027-02-08,52
EMP-1246,2027-02-15,52
EMP-1246,2027-02-22,57
EMP-1246,2027-03-01,58
EMP-1246,2027-03-08,55
EMP-1246,2027-03-15,57
EMP-1246,2027-03-22,51
EMP-1247,2026-08-31,62
EMP-1247,2026-09-07,64
EMP-1247,2026-09-14,56
EMP-1247,2026-09-21,59
EMP-1247,2026-09-28,64
EMP-1247,2026-10-05,60
EMP-1247,2026-10-12,59
EMP-1247,2026-10-19,64
EMP-1247,2026-10-26,58
EMP-1247,2026-11-02,61
EMP-1247,2026-11-09,59
EMP-1247,2026-11-16,66
EMP-1247,2026-11-23,59
EMP-1247,2026-11-30,63
EMP-1247,2026-12-07,56
EMP-1247,2026-12-14,59
EMP-1247,2026-12-21,59
EMP-1247,2026-12-28,65
EMP-1247,2027-01-04,60
EMP-1247,2027-01-11,63
EMP-1247,2027-01-18,65
EMP-1247,2027-01-25,61
EMP-1247,2027-02-01,63
EMP-1247,2027-02-08,66
EMP-1247,2027-02-15,58
EMP-1247,2027-02-22,59
EMP-1247,2027-03-01,65
EMP-1247,2027-03-08,61
EMP-1247,2027-03-15,56
EMP-1247,2027-03-22,63
EMP-1248,2026-08-31,33
EMP-1248,2026-09-07,37
EMP-1248,2026-09-14,39
EMP-1248,2026-09-21,37
EMP-1248,2026-09-28,41
EMP-1248,2026-10-05,38
EMP-1248,2026-10-12,41
EMP-1248,2026-10-19,33
EMP-1248,2026-10-26,36
EMP-1248,2026-11-02,40
EMP-1248,2026-11-09,41
EMP-1248,2026-11-16,37
EMP-1248,2026-11-23,35
EMP-1248,2026-11-30,38
EMP-1248,2026-12-07,34
EMP-1248,2026-12-14,36
EMP-1248,2026-12-21,38
EMP-1248,2026-12-28,41
EMP-1248,2027-01-04,38
EMP-1248,2027-01-11,40
EMP-1248,2027-01-18,34
EMP-1248,2027-01-25,39
EMP-1248,2027-02-01,40
EMP-1248,2027-02-08,33
EMP-1248,2027-02-15,34
EMP-1248,2027-02-22,37
EMP-1248,2027-03-01,40
EMP-1248,2027-03-08,37
EMP-1248,2027-03-15,40
EMP-1248,2027-03-22,35
EMP-1249,2026-08-31,50
EMP-1249,2026-09-07,59
EMP-1249,2026-09-14,60
EMP-1249,2026-09-21,56
EMP-1249,2026-09-28,54
EMP-1249,2026-10-05,52
EMP-1249,2026-10-12,52
EMP-1249,2026-10-19,54
EMP-1249,2026-10-26,58
EMP-1249,2026-11-02,56
EMP-1249,2026-11-09,53
EMP-1249,2026-11-16,53
EMP-1249,2026-11-23,54
EMP-1249,2026-11-30,55
EMP-1249,2026-12-07,52
EMP-1249,2026-12-14,51
EMP-1249,2026-12-21,50
EMP-1249,2026-12-28,59
EMP-1249,2027-01-04,51
EMP-1249,2027-01-11,52
EMP-1249,2027-01-18,60
EMP-1249,2027-01-25,56
EMP-1249,2027-02-01,54
EMP-1249,2027-02-08,58
EMP-1249,2027-02-15,52
EMP-1249,2027-02-22,56
EMP-1249,2027-03-01,54
EMP-1249,2027-03-08,60
EMP-1249,2027-03-15,52
EMP-1249,2027-03-22,55
EMP-1250,2026-08-31,55
EMP-1250,2026-09-07,61
EMP-1250,2026-09-14,55
EMP-1250,2026-09-21,62
EMP-1250,2026-09-28,64
EMP-1250,2026-10-05,61
EMP-1250,2026-10-12,57
EMP-1250,2026-10-19,63
EMP-1250,2026-10-26,56
EMP-1250,2026-11-02,64
EMP-1250,2026-11-09,59
EMP-1250,2026-11-16,56
EMP-1250,2026-11-23,55
EMP-1250,2026-11-30,58
EMP-1250,2026-12-07,56
EMP-1250,2026-12-14,58
EMP-1250,2026-12-21,58
EMP-1250,2026-12-28,59
EMP-1250,2027-01-04,54
EMP-1250,2027-01-11,63
EMP-1250,2027-01-18,63
EMP-1250,2027-01-25,55
EMP-1250,2027-02-01,63
EMP-1250,2027-02-08,57
EMP-1250,2027-02-15,55
EMP-1250,2027-02-22,64
EMP-1250,2027-03-01,59
EMP-1250,2027-03-08,55
EMP-1250,2027-03-15,60
EMP-1250,2027-03-22,61
EMP-1251,2026-08-31,59
EMP-1251,2026-09-07,60
EMP-1251,2026-09-14,58
EMP-1251,2026-09-21,60
EMP-1251,2026-09-28,59
EMP-1251,2026-10-05,58
EMP-1251,2026-10-12,62
EMP-1251,2026-10-19,57
EMP-1251,2026-10-26,58
EMP-1251,2026-11-02,61
EMP-1251,2026-11-09,62
EMP-1251,2026-11-16,64
EMP-1251,2026-11-23,61
EMP-1251,2026-11-30,61
EMP-1251,2026-12-07,57
EMP-1251,2026-12-14,61
EMP-1251,2026-12-21,57
EMP-1251,2026-12-28,59
EMP-1251,2027-01-04,60
EMP-1251,2027-01-11,58
EMP-1251,2027-01-18,57
EMP-1251,2027-01-25,65
EMP-1251,2027-02-01,61
EMP-1251,2027-02-08,57
EMP-1251,2027-02-15,64
EMP-1251,2027-02-22,67
EMP-1251,2027-03-01,57
EMP-1251,2027-03-08,63
EMP-1251,2027-03-15,57
EMP-1251,2027-03-22,66
EMP-1252,2026-08-31,59
EMP-1252,2026-09-07,62
EMP-1252,2026-09-14,66
EMP-1252,2026-09-21,67
EMP-1252,2026-09-28,59
EMP-1252,2026-10-05,61
EMP-1252,2026-10-12,63
EMP-1252,2026-10-19,63
EMP-1252,2026-10-26,67
EMP-1252,2026-11-02,64
EMP-1252,2026-11-09,65
EMP-1252,2026-11-16,57
EMP-1252,2026-11-23,61
EMP-1252,2026-11-30,66
EMP-1252,2026-12-07,57
EMP-1252,2026-12-14,61
EMP-1252,2026-12-21,57
EMP-1252,2026-12-28,59
EMP-1252,2027-01-04,60
EMP-1252,2027-01-11,66
EMP-1252,2027-01-18,67
EMP-1252,2027-01-25,63
EMP-1252,2027-02-01,59
EMP-1252,2027-02-08,67
EMP-1252,2027-02-15,61
EMP-1252,2027-02-22,58
EMP-1252,2027-03-01,59
EMP-1252,2027-03-08,66
EMP-1252,2027-03-15,57
EMP-1252,2027-03-22,65
EMP-1253,2026-08-31,45
EMP-1253,2026-09-07,39
EMP-1253,2026-09-14,42
EMP-1253,2026-09-21,49
EMP-1253,2026-09-28,40
EMP-1253,2026-10-05,41
EMP-1253,2026-10-12,49
EMP-1253,2026-10-19,46
EMP-1253,2026-10-26,42
EMP-1253,2026-11-02,49
EMP-1253,2026-11-09,42
EMP-1253,2026-11-16,40
EMP-1253,2026-11-23,40
EMP-1253,2026-11-30,48
EMP-1253,2026-12-07,44
EMP-1253,2026-12-14,42
EMP-1253,2026-12-21,42
EMP-1253,2026-12-28,44
EMP-1253,2027-01-04,46
EMP-1253,2027-01-11,48
EMP-1253,2027-01-18,49
EMP-1253,2027-01-25,46
EMP-1253,2027-02-01,45
EMP-1253,2027-02-08,42
EMP-1253,2027-02-15,46
EMP-1253,2027-02-22,39
EMP-1253,2027-03-01,42
EMP-1253,2027-03-08,40
EMP-1253,2027-03-15,39
EMP-1253,2027-03-22,40
EMP-1254,2026-08-31,60
EMP-1254,2026-09-07,51
EMP-1254,2026-09-14,61
EMP-1254,2026-09-21,53
EMP-1254,2026-09-28,58
EMP-1254,2026-10-05,58
EMP-1254,2026-10-12,51
EMP-1254,2026-10-19,53
EMP-1254,2026-10-26,60
EMP-1254,2026-11-02,57
EMP-1254,2026-11-09,58
EMP-1254,2026-11-16,60
EMP-1254,2026-11-23,59
EMP-1254,2026-11-30,61
EMP-1254,2026-12-07,60
EMP-1254,2026-12-14,56
EMP-1254,2026-12-21,57
EMP-1254,2026-12-28,57
EMP-1254,2027-01-04,56
EMP-1254,2027-01-11,60
EMP-1254,2027-01-18,58
EMP-1254,2027-01-25,53
EMP-1254,2027-02-01,61
EMP-1254,2027-02-08,55
EMP-1254,2027-02-15,52
EMP-1254,2027-02-22,51
EMP-1254,2027-03-01,55
EMP-1254,2027-03-08,55
EMP-1254,2027-03-15,54
EMP-1254,2027-03-22,58
EMP-1255,2026-08-31,67
EMP-1255,2026-09-07,59
EMP-1255,2026-09-14,66
EMP-1255,2026-09-21,62
EMP-1255,2026-09-28,64
EMP-1255,2026-10-05,61
EMP-1255,2026-10-12,67
EMP-1255,2026-10-19,62
EMP-1255,2026-10-26,60
EMP-1255,2026-11-02,65
EMP-1255,2026-11-09,65
EMP-1255,2026-11-16,66
EMP-1255,2026-11-23,68
EMP-1255,2026-11-30,67
EMP-1255,2026-12-07,69
EMP-1255,2026-12-14,68
EMP-1255,2026-12-21,68
EMP-1255,2026-12-28,62
EMP-1255,2027-01-04,62
EMP-1255,2027-01-11,59
EMP-1255,2027-01-18,59
EMP-1255,2027-01-25,67
EMP-1255,2027-02-01,61
EMP-1255,2027-02-08,67
EMP-1255,2027-02-15,64
EMP-1255,2027-02-22,66
EMP-1255,2027-03-01,61
EMP-1255,2027-03-08,61
EMP-1255,2027-03-15,60
EMP-1255,2027-03-22,63
EMP-1256,2026-08-31,67
EMP-1256,2026-09-07,65
EMP-1256,2026-09-14,59
EMP-1256,2026-09-21,62
EMP-1256,2026-09-28,60
EMP-1256,2026-10-05,64
EMP-1256,2026-10-12,66
EMP-1256,2026-10-19,60
EMP-1256,2026-10-26,69
EMP-1256,2026-11-02,65
EMP-1256,2026-11-09,64
EMP-1256,2026-11-16,69
EMP-1256,2026-11-23,59
EMP-1256,2026-11-30,67
EMP-1256,2026-12-07,64
EMP-1256,2026-12-14,66
EMP-1256,2026-12-21,69
EMP-1256,2026-12-28,59
EMP-1256,2027-01-04,67
EMP-1256,2027-01-11,60
EMP-1256,2027-01-18,65
EMP-1256,2027-01-25,69
EMP-1256,2027-02-01,67
EMP-1256,2027-02-08,59
EMP-1256,2027-02-15,66
EMP-1256,2027-02-22,68
EMP-1256,2027-03-01,69
EMP-1256,2027-03-08,66
EMP-1256,2027-03-15,65
EMP-1256,2027-03-22,69
EMP-1257,2026-08-31,70
EMP-1257,2026-09-07,70
EMP-1257,2026-09-14,69
EMP-1257,2026-09-21,68
EMP-1257,2026-09-28,66
EMP-1257,2026-10-05,70
EMP-1257,2026-10-12,70
EMP-1257,2026-10-19,66
EMP-1257,2026-10-26,61
EMP-1257,2026-11-02,66
EMP-1257,2026-11-09,66
EMP-1257,2026-11-16,69
EMP-1257,2026-11-23,66
EMP-1257,2026-11-30,70
EMP-1257,2026-12-07,63
EMP-1257,2026-12-14,62
EMP-1257,2026-12-21,64
EMP-1257,2026-12-28,70
EMP-1257,2027-01-04,68
EMP-1257,2027-01-11,62
EMP-1257,2027-01-18,64
EMP-1257,2027-01-25,69
EMP-1257,2027-02-01,65
EMP-1257,2027-02-08,65
EMP-1257,2027-02-15,63
EMP-1257,2027-02-22,64
EMP-1257,2027-03-01,64
EMP-1257,2027-03-08,64
EMP-1257,2027-03-15,66
EMP-1257,2027-03-22,70
EMP-1258,2026-08-31,59
EMP-1258,2026-09-07,57
EMP-1258,2026-09-14,56
EMP-1258,2026-09-21,50
EMP-1258,2026-09-28,54
EMP-1258,2026-10-05,50
EMP-1258,2026-10-12,52
EMP-1258,2026-10-19,50
EMP-1258,2026-10-26,53
EMP-1258,2026-11-02,59
EMP-1258,2026-11-09,53
EMP-1258,2026-11-16,52
EMP-1258,2026-11-23,57
EMP-1258,2026-11-30,59
EMP-1258,2026-12-07,52
EMP-1258,2026-12-14,55
EMP-1258,2026-12-21,56
EMP-1258,2026-12-28,55
EMP-1258,2027-01-04,52
EMP-1258,2027-01-11,56
EMP-1258,2027-01-18,53
EMP-1258,2027-01-25,58
EMP-1258,2027-02-01,59
EMP-1258,2027-02-08,57
EMP-1258,2027-02-15,58
EMP-1258,2027-02-22,55
EMP-1258,2027-03-01,50
EMP-1258,2027-03-08,52
EMP-1258,2027-03-15,53
EMP-1258,2027-03-22,52
EMP-1259,2026-08-31,67
EMP-1259,2026-09-07,60
EMP-1259,2026-09-14,66
EMP-1259,2026-09-21,62
EMP-1259,2026-09-28,65
EMP-1259,2026-10-05,61
EMP-1259,2026-10-12,66
EMP-1259,2026-10-19,66
EMP-1259,2026-10-26,57
EMP-1259,2026-11-02,58
EMP-1259,2026-11-09,58
EMP-1259,2026-11-16,63
EMP-1259,2026-11-23,57
EMP-1259,2026-11-30,60
EMP-1259,2026-12-07,61
EMP-1259,2026-12-14,57
EMP-1259,2026-12-21,66
EMP-1259,2026-12-28,59
EMP-1259,2027-01-04,67
EMP-1259,2027-01-11,65
EMP-1259,2027-01-18,57
EMP-1259,2027-01-25,57
EMP-1259,2027-02-01,67
EMP-1259,2027-02-08,63
EMP-1259,2027-02-15,64
EMP-1259,2027-02-22,64
EMP-1259,2027-03-01,67
EMP-1259,2027-03-08,65
EMP-1259,2027-03-15,67
EMP-1259,2027-03-22,59
EMP-1260,2026-08-31,62
EMP-1260,2026-09-07,64
EMP-1260,2026-09-14,66
EMP-1260,2026-09-21,67
EMP-1260,2026-09-28,61
EMP-1260,2026-10-05,67
EMP-1260,2026-10-12,60
EMP-1260,2026-10-19,59
EMP-1260,2026-10-26,63
EMP-1260,2026-11-02,64
EMP-1260,2026-11-09,66
EMP-1260,2026-11-16,59
EMP-1260,2026-11-23,59
EMP-1260,2026-11-30,60
EMP-1260,2026-12-07,58
EMP-1260,2026-12-14,58
EMP-1260,2026-12-21,66
EMP-1260,2026-12-28,68
EMP-1260,2027-01-04,66
EMP-1260,2027-01-11,64
EMP-1260,2027-01-18,64
EMP-1260,2027-01-25,58
EMP-1260,2027-02-01,60
EMP-1260,2027-02-08,67
EMP-1260,2027-02-15,61
EMP-1260,2027-02-22,65
EMP-1260,2027-03-01,61
EMP-1260,2027-03-08,58
EMP-1260,2027-03-15,59
EMP-1260,2027-03-22,62
EMP-1261,2026-08-31,50
EMP-1261,2026-09-07,60
EMP-1261,2026-09-14,56
EMP-1261,2026-09-21,54
EMP-1261,2026-09-28,50
EMP-1261,2026-10-05,53
EMP-1261,2026-10-12,60
EMP-1261,2026-10-19,57
EMP-1261,2026-10-26,51
EMP-1261,2026-11-02,59
EMP-1261,2026-11-09,50
EMP-1261,2026-11-16,50
EMP-1261,2026-11-23,50
EMP-1261,2026-11-30,54
EMP-1261,2026-12-07,56
EMP-1261,2026-12-14,55
EMP-1261,2026-12-21,60
EMP-1261,2026-12-28,55
EMP-1261,2027-01-04,52
EMP-1261,2027-01-11,50
EMP-1261,2027-01-18,55
EMP-1261,2027-01-25,55
EMP-1261,2027-02-01,53
EMP-1261,2027-02-08,59
EMP-1261,2027-02-15,59
EMP-1261,2027-02-22,59
EMP-1261,2027-03-01,50
EMP-1261,2027-03-08,51
EMP-1261,2027-03-15,59
EMP-1261,2027-03-22,54
EMP-1262,2026-08-31,59
EMP-1262,2026-09-07,56
EMP-1262,2026-09-14,55
EMP-1262,2026-09-21,61
EMP-1262,2026-09-28,60
EMP-1262,2026-10-05,57
EMP-1262,2026-10-12,62
EMP-1262,2026-10-19,56
EMP-1262,2026-10-26,59
EMP-1262,2026-11-02,59
EMP-1262,2026-11-09,56
EMP-1262,2026-11-16,55
EMP-1262,2026-11-23,53
EMP-1262,2026-11-30,53
EMP-1262,2026-12-07,58
EMP-1262,2026-12-14,63
EMP-1262,2026-12-21,63
EMP-1262,2026-12-28,60
EMP-1262,2027-01-04,63
EMP-1262,2027-01-11,56
EMP-1262,2027-01-18,56
EMP-1262,2027-01-25,55
EMP-1262,2027-02-01,54
EMP-1262,2027-02-08,55
EMP-1262,2027-02-15,60
EMP-1262,2027-02-22,53
EMP-1262,2027-03-01,54
EMP-1262,2027-03-08,53
EMP-1262,2027-03-15,53
EMP-1262,2027-03-22,56
EMP-1263,2026-08-31,64
EMP-1263,2026-09-07,57
EMP-1263,2026-09-14,66
EMP-1263,2026-09-21,63
EMP-1263,2026-09-28,60
EMP-1263,2026-10-05,63
EMP-1263,2026-10-12,65
EMP-1263,2026-10-19,66
EMP-1263,2026-10-26,60
EMP-1263,2026-11-02,59
EMP-1263,2026-11-09,58
EMP-1263,2026-11-16,65
EMP-1263,2026-11-23,65
EMP-1263,2026-11-30,57
EMP-1263,2026-12-07,60
EMP-1263,2026-12-14,61
EMP-1263,2026-12-21,64
EMP-1263,2026-12-28,59
EMP-1263,2027-01-04,64
EMP-1263,2027-01-11,67
EMP-1263,2027-01-18,60
EMP-1263,2027-01-25,61
EMP-1263,2027-02-01,60
EMP-1263,2027-02-08,65
EMP-1263,2027-02-15,57
EMP-1263,2027-02-22,61
EMP-1263,2027-03-01,67
EMP-1263,2027-03-08,60
EMP-1263,2027-03-15,57
EMP-1263,2027-03-22,58
EMP-1264,2026-08-31,65
EMP-1264,2026-09-07,61
EMP-1264,2026-09-14,66
EMP-1264,2026-09-21,61
EMP-1264,2026-09-28,58
EMP-1264,2026-10-05,61
EMP-1264,2026-10-12,58
EMP-1264,2026-10-19,57
EMP-1264,2026-10-26,60
EMP-1264,2026-11-02,60
EMP-1264,2026-11-09,61
EMP-1264,2026-11-16,56
EMP-1264,2026-11-23,60
EMP-1264,2026-11-30,62
EMP-1264,2026-12-07,64
EMP-1264,2026-12-14,59
EMP-1264,2026-12-21,60
EMP-1264,2026-12-28,62
EMP-1264,2027-01-04,65
EMP-1264,2027-01-11,61
EMP-1264,2027-01-18,62
EMP-1264,2027-01-25,59
EMP-1264,2027-02-01,56
EMP-1264,2027-02-08,56
EMP-1264,2027-02-15,57
EMP-1264,2027-02-22,56
EMP-1264,2027-03-01,65
EMP-1264,2027-03-08,58
EMP-1264,2027-03-15,63
EMP-1264,2027-03-22,65
EMP-1265,2026-08-31,64
EMP-1265,2026-09-07,70
EMP-1265,2026-09-14,64
EMP-1265,2026-09-21,68
EMP-1265,2026-09-28,68
EMP-1265,2026-10-05,61
EMP-1265,2026-10-12,61
EMP-1265,2026-10-19,69
EMP-1265,2026-10-26,67
EMP-1265,2026-11-02,69
EMP-1265,2026-11-09,62
EMP-1265,2026-11-16,69
EMP-1265,2026-11-23,62
EMP-1265,2026-11-30,68
EMP-1265,2026-12-07,66
EMP-1265,2026-12-14,70
EMP-1265,2026-12-21,69
EMP-1265,2026-12-28,64
EMP-1265,2027-01-04,63
EMP-1265,2027-01-11,63
EMP-1265,2027-01-18,67
EMP-1265,2027-01-25,70
EMP-1265,2027-02-01,66
EMP-1265,2027-02-08,61
EMP-1265,2027-02-15,64
EMP-1265,2027-02-22,62
EMP-1265,2027-03-01,70
EMP-1265,2027-03-08,64
EMP-1265,2027-03-15,68
EMP-1265,2027-03-22,64
EMP-1266,2026-08-31,59
EMP-1266,2026-09-07,59
EMP-1266,2026-09-14,65
EMP-1266,2026-09-21,63
EMP-1266,2026-09-28,64
EMP-1266,2026-10-05,61
EMP-1266,2026-10-12,58
EMP-1266,2026-10-19,60
EMP-1266,2026-10-26,61
EMP-1266,2026-11-02,64
EMP-1266,2026-11-09,62
EMP-1266,2026-11-16,60
EMP-1266,2026-11-23,60
EMP-1266,2026-11-30,59
EMP-1266,2026-12-07,58
EMP-1266,2026-12-14,62
EMP-1266,2026-12-21,55
EMP-1266,2026-12-28,65
EMP-1266,2027-01-04,62
EMP-1266,2027-01-11,60
EMP-1266,2027-01-18,63
EMP-1266,2027-01-25,58
EMP-1266,2027-02-01,57
EMP-1266,2027-02-08,58
EMP-1266,2027-02-15,64
EMP-1266,2027-02-22,56
EMP-1266,2027-03-01,64
EMP-1266,2027-03-08,59
EMP-1266,2027-03-15,60
EMP-1266,2027-03-22,65
EMP-1267,2026-08-31,61
EMP-1267,2026-09-07,66
EMP-1267,2026-09-14,65
EMP-1267,2026-09-21,61
EMP-1267,2026-09-28,57
EMP-1267,2026-10-05,61
EMP-1267,2026-10-12,59
EMP-1267,2026-10-19,66
EMP-1267,2026-10-26,60
EMP-1267,2026-11-02,58
EMP-1267,2026-11-09,57
EMP-1267,2026-11-16,62
EMP-1267,2026-11-23,56
EMP-1267,2026-11-30,63
EMP-1267,2026-12-07,60
EMP-1267,2026-12-14,64
EMP-1267,2026-12-21,56
EMP-1267,2026-12-28,58
EMP-1267,2027-01-04,61
EMP-1267,2027-01-11,64
EMP-1267,2027-01-18,57
EMP-1267,2027-01-25,64
EMP-1267,2027-02-01,63
EMP-1267,2027-02-08,59
EMP-1267,2027-02-15,65
EMP-1267,2027-02-22,66
EMP-1267,2027-03-01,66
EMP-1267,2027-03-08,59
EMP-1267,2027-03-15,56
EMP-1267,2027-03-22,66
EMP-1268,2026-08-31,57
EMP-1268,2026-09-07,47
EMP-1268,2026-09-14,57
EMP-1268,2026-09-21,50
EMP-1268,2026-09-28,56
EMP-1268,2026-10-05,49
EMP-1268,2026-10-12,57
EMP-1268,2026-10-19,57
EMP-1268,2026-10-26,55
EMP-1268,2026-11-02,52
EMP-1268,2026-11-09,52
EMP-1268,2026-11-16,55
EMP-1268,2026-11-23,56
EMP-1268,2026-11-30,50
EMP-1268,2026-12-07,57
EMP-1268,2026-12-14,57
EMP-1268,2026-12-21,47
EMP-1268,2026-12-28,55
EMP-1268,2027-01-04,50
EMP-1268,2027-01-11,55
EMP-1268,2027-01-18,57
EMP-1268,2027-01-25,51
EMP-1268,2027-02-01,48
EMP-1268,2027-02-08,53
EMP-1268,2027-02-15,54
EMP-1268,2027-02-22,50
EMP-1268,2027-03-01,47
EMP-1268,2027-03-08,51
EMP-1268,2027-03-15,47
EMP-1268,2027-03-22,57
EMP-1269,2026-08-31,51
EMP-1269,2026-09-07,55
EMP-1269,2026-09-14,59
EMP-1269,2026-09-21,55
EMP-1269,2026-09-28,55
EMP-1269,2026-10-05,58
EMP-1269,2026-10-12,49
EMP-1269,2026-10-19,49
EMP-1269,2026-10-26,55
EMP-1269,2026-11-02,56
EMP-1269,2026-11-09,49
EMP-1269,2026-11-16,57
EMP-1269,2026-11-23,59
EMP-1269,2026-11-30,51
EMP-1269,2026-12-07,56
EMP-1269,2026-12-14,50
EMP-1269,2026-12-21,50
EMP-1269,2026-12-28,49
EMP-1269,2027-01-04,55
EMP-1269,2027-01-11,54
EMP-1269,2027-01-18,54
EMP-1269,2027-01-25,58
EMP-1269,2027-02-01,55
EMP-1269,2027-02-08,55
EMP-1269,2027-02-15,50
EMP-1269,2027-02-22,49
EMP-1269,2027-03-01,57
EMP-1269,2027-03-08,52
EMP-1269,2027-03-15,57
EMP-1269,2027-03-22,56
EMP-1270,2026-08-31,69
EMP-1270,2026-09-07,65
EMP-1270,2026-09-14,69
EMP-1270,2026-09-21,64
EMP-1270,2026-09-28,59
EMP-1270,2026-10-05,65
EMP-1270,2026-10-12,60
EMP-1270,2026-10-19,61
EMP-1270,2026-10-26,60
EMP-1270,2026-11-02,63
EMP-1270,2026-11-09,61
EMP-1270,2026-11-16,63
EMP-1270,2026-11-23,63
EMP-1270,2026-11-30,59
EMP-1270,2026-12-07,65
EMP-1270,2026-12-14,62
EMP-1270,2026-12-21,61
EMP-1270,2026-12-28,66
EMP-1270,2027-01-04,62
EMP-1270,2027-01-11,62
EMP-1270,2027-01-18,65
EMP-1270,2027-01-25,66
EMP-1270,2027-02-01,63
EMP-1270,2027-02-08,62
EMP-1270,2027-02-15,60
EMP-1270,2027-02-22,63
EMP-1270,2027-03-01,59
EMP-1270,2027-03-08,59
EMP-1270,2027-03-15,65
EMP-1270,2027-03-22,63
EMP-1271,2026-08-31,55
EMP-1271,2026-09-07,62
EMP-1271,2026-09-14,57
EMP-1271,2026-09-21,54
EMP-1271,2026-09-28,57
EMP-1271,2026-10-05,55
EMP-1271,2026-10-12,57
EMP-1271,2026-10-19,53
EMP-1271,2026-10-26,56
EMP-1271,2026-11-02,60
EMP-1271,2026-11-09,58
EMP-1271,2026-11-16,60
EMP-1271,2026-11-23,63
EMP-1271,2026-11-30,53
EMP-1271,2026-12-07,58
EMP-1271,2026-12-14,61
EMP-1271,2026-12-21,56
EMP-1271,2026-12-28,58
EMP-1271,2027-01-04,60
EMP-1271,2027-01-11,60
EMP-1271,2027-01-18,57
EMP-1271,2027-01-25,63
EMP-1271,2027-02-01,56
EMP-1271,2027-02-08,63
EMP-1271,2027-02-15,61
EMP-1271,2027-02-22,56
EMP-1271,2027-03-01,54
EMP-1271,2027-03-08,59
EMP-1271,2027-03-15,60
EMP-1271,2027-03-22,59
EMP-1272,2026-08-31,59
EMP-1272,2026-09-07,60
EMP-1272,2026-09-14,59
EMP-1272,2026-09-21,52
EMP-1272,2026-09-28,51
EMP-1272,2026-10-05,51
EMP-1272,2026-10-12,54
EMP-1272,2026-10-19,58
EMP-1272,2026-10-26,58
EMP-1272,2026-11-02,52
EMP-1272,2026-11-09,60
EMP-1272,2026-11-16,60
EMP-1272,2026-11-23,52
EMP-1272,2026-11-30,51
EMP-1272,2026-12-07,56
EMP-1272,2026-12-14,51
EMP-1272,2026-12-21,61
EMP-1272,2026-12-28,57
EMP-1272,2027-01-04,59
EMP-1272,2027-01-11,56
EMP-1272,2027-01-18,56
EMP-1272,2027-01-25,55
EMP-1272,2027-02-01,51
EMP-1272,2027-02-08,55
EMP-1272,2027-02-15,54
EMP-1272,2027-02-22,61
EMP-1272,2027-03-01,58
EMP-1272,2027-03-08,56
EMP-1272,2027-03-15,60
EMP-1272,2027-03-22,55
EMP-1273,2026-08-31,57
EMP-1273,2026-09-07,58
EMP-1273,2026-09-14,59
EMP-1273,2026-09-21,51
EMP-1273,2026-09-28,58
EMP-1273,2026-10-05,50
EMP-1273,2026-10-12,54
EMP-1273,2026-10-19,53
EMP-1273,2026-10-26,57
EMP-1273,2026-11-02,59
EMP-1273,2026-11-09,52
EMP-1273,2026-11-16,57
EMP-1273,2026-11-23,53
EMP-1273,2026-11-30,57
EMP-1273,2026-12-07,52
EMP-1273,2026-12-14,56
EMP-1273,2026-12-21,58
EMP-1273,2026-12-28,50
EMP-1273,2027-01-04,57
EMP-1273,2027-01-11,49
EMP-1273,2027-01-18,50
EMP-1273,2027-01-25,57
EMP-1273,2027-02-01,51
EMP-1273,2027-02-08,58
EMP-1273,2027-02-15,57
EMP-1273,2027-02-22,54
EMP-1273,2027-03-01,52
EMP-1273,2027-03-08,57
EMP-1273,2027-03-15,54
EMP-1273,2027-03-22,57
EMP-1274,2026-08-31,55
EMP-1274,2026-09-07,53
EMP-1274,2026-09-14,51
EMP-1274,2026-09-21,48
EMP-1274,2026-09-28,49
EMP-1274,2026-10-05,52
EMP-1274,2026-10-12,51
EMP-1274,2026-10-19,57
EMP-1274,2026-10-26,49
EMP-1274,2026-11-02,52
EMP-1274,2026-11-09,52
EMP-1274,2026-11-16,55
EMP-1274,2026-11-23,55
EMP-1274,2026-11-30,56
EMP-1274,2026-12-07,54
EMP-1274,2026-12-14,56
EMP-1274,2026-12-21,50
EMP-1274,2026-12-28,51
EMP-1274,2027-01-04,52
EMP-1274,2027-01-11,54
EMP-1274,2027-01-18,47
EMP-1274,2027-01-25,56
EMP-1274,2027-02-01,51
EMP-1274,2027-02-08,57
EMP-1274,2027-02-15,53
EMP-1274,2027-02-22,53
EMP-1274,2027-03-01,49
EMP-1274,2027-03-08,56
EMP-1274,2027-03-15,51
EMP-1274,2027-03-22,57
EMP-1275,2026-08-31,47
EMP-1275,2026-09-07,39
EMP-1275,2026-09-14,42
EMP-1275,2026-09-21,37
EMP-1275,2026-09-28,39
EMP-1275,2026-10-05,44
EMP-1275,2026-10-12,39
EMP-1275,2026-10-19,45
EMP-1275,2026-10-26,47
EMP-1275,2026-11-02,41
EMP-1275,2026-11-09,46
EMP-1275,2026-11-16,43
EMP-1275,2026-11-23,43
EMP-1275,2026-11-30,39
EMP-1275,2026-12-07,38
EMP-1275,2026-12-14,37
EMP-1275,2026-12-21,45
EMP-1275,2026-12-28,42
EMP-1275,2027-01-04,43
EMP-1275,2027-01-11,42
EMP-1275,2027-01-18,39
EMP-1275,2027-01-25,46
EMP-1275,2027-02-01,41
EMP-1275,2027-02-08,42
EMP-1275,2027-02-15,39
EMP-1275,2027-02-22,40
EMP-1275,2027-03-01,46
EMP-1275,2027-03-08,47
EMP-1275,2027-03-15,40
EMP-1275,2027-03-22,45
EMP-1276,2026-08-31,59
EMP-1276,2026-09-07,49
EMP-1276,2026-09-14,58
EMP-1276,2026-09-21,49
EMP-1276,2026-09-28,50
EMP-1276,2026-10-05,50
EMP-1276,2026-10-12,51
EMP-1276,2026-10-19,55
EMP-1276,2026-10-26,52
EMP-1276,2026-11-02,49
EMP-1276,2026-11-09,54
EMP-1276,2026-11-16,57
EMP-1276,2026-11-23,52
EMP-1276,2026-11-30,53
EMP-1276,2026-12-07,55
EMP-1276,2026-12-14,58
EMP-1276,2026-12-21,51
EMP-1276,2026-12-28,59
EMP-1276,2027-01-04,50
EMP-1276,2027-01-11,51
EMP-1276,2027-01-18,51
EMP-1276,2027-01-25,54
EMP-1276,2027-02-01,54
EMP-1276,2027-02-08,51
EMP-1276,2027-02-15,55
EMP-1276,2027-02-22,55
EMP-1276,2027-03-01,55
EMP-1276,2027-03-08,51
EMP-1276,2027-03-15,54
EMP-1276,2027-03-22,49
EMP-1277,2026-08-31,37
EMP-1277,2026-09-07,42
EMP-1277,2026-09-14,39
EMP-1277,2026-09-21,37
EMP-1277,2026-09-28,37
EMP-1277,2026-10-05,36
EMP-1277,2026-10-12,36
EMP-1277,2026-10-19,43
EMP-1277,2026-10-26,42
EMP-1277,2026-11-02,43
EMP-1277,2026-11-09,36
EMP-1277,2026-11-16,41
EMP-1277,2026-11-23,35
EMP-1277,2026-11-30,37
EMP-1277,2026-12-07,35
EMP-1277,2026-12-14,35
EMP-1277,2026-12-21,39
EMP-1277,2026-12-28,37
EMP-1277,2027-01-04,41
EMP-1277,2027-01-11,39
EMP-1277,2027-01-18,36
EMP-1277,2027-01-25,40
EMP-1277,2027-02-01,40
EMP-1277,2027-02-08,40
EMP-1277,2027-02-15,43
EMP-1277,2027-02-22,41
EMP-1277,2027-03-01,37
EMP-1277,2027-03-08,34
EMP-1277,2027-03-15,38
EMP-1277,2027-03-22,39
EMP-1278,2026-08-31,66
EMP-1278,2026-09-07,63
EMP-1278,2026-09-14,62
EMP-1278,2026-09-21,64
EMP-1278,2026-09-28,64
EMP-1278,2026-10-05,58
EMP-1278,2026-10-12,59
EMP-1278,2026-10-19,60
EMP-1278,2026-10-26,65
EMP-1278,2026-11-02,65
EMP-1278,2026-11-09,64
EMP-1278,2026-11-16,57
EMP-1278,2026-11-23,61
EMP-1278,2026-11-30,62
EMP-1278,2026-12-07,66
EMP-1278,2026-12-14,58
EMP-1278,2026-12-21,66
EMP-1278,2026-12-28,64
EMP-1278,2027-01-04,65
EMP-1278,2027-01-11,58
EMP-1278,2027-01-18,63
EMP-1278,2027-01-25,57
EMP-1278,2027-02-01,56
EMP-1278,2027-02-08,56
EMP-1278,2027-02-15,62
EMP-1278,2027-02-22,62
EMP-1278,2027-03-01,57
EMP-1278,2027-03-08,62
EMP-1278,2027-03-15,59
EMP-1278,2027-03-22,60
EMP-1279,2026-08-31,35
EMP-1279,2026-09-07,42
EMP-1279,2026-09-14,42
EMP-1279,2026-09-21,35
EMP-1279,2026-09-28,34
EMP-1279,2026-10-05,41
EMP-1279,2026-10-12,38
EMP-1279,2026-10-19,40
EMP-1279,2026-10-26,43
EMP-1279,2026-11-02,39
EMP-1279,2026-11-09,39
EMP-1279,2026-11-16,34
EMP-1279,2026-11-23,41
EMP-1279,2026-11-30,37
EMP-1279,2026-12-07,35
EMP-1279,2026-12-14,40
EMP-1279,2026-12-21,33
EMP-1279,2026-12-28,33
EMP-1279,2027-01-04,43
EMP-1279,2027-01-11,41
EMP-1279,2027-01-18,36
EMP-1279,2027-01-25,34
EMP-1279,2027-02-01,36
EMP-1279,2027-02-08,33
EMP-1279,2027-02-15,40
EMP-1279,2027-02-22,33
EMP-1279,2027-03-01,41
EMP-1279,2027-03-08,35
EMP-1279,2027-03-15,34
EMP-1279,2027-03-22,37
EMP-1280,2026-08-31,47
EMP-1280,2026-09-07,46
EMP-1280,2026-09-14,40
EMP-1280,2026-09-21,42
EMP-1280,2026-09-28,40
EMP-1280,2026-10-05,43
EMP-1280,2026-10-12,38
EMP-1280,2026-10-19,47
EMP-1280,2026-10-26,45
EMP-1280,2026-11-02,45
EMP-1280,2026-11-09,48
EMP-1280,2026-11-16,48
EMP-1280,2026-11-23,47
EMP-1280,2026-11-30,39
EMP-1280,2026-12-07,43
EMP-1280,2026-12-14,42
EMP-1280,2026-12-21,47
EMP-1280,2026-12-28,47
EMP-1280,2027-01-04,39
EMP-1280,2027-01-11,40
EMP-1280,2027-01-18,46
EMP-1280,2027-01-25,48
EMP-1280,2027-02-01,41
EMP-1280,2027-02-08,43
EMP-1280,2027-02-15,41
EMP-1280,2027-02-22,45
EMP-1280,2027-03-01,45
EMP-1280,2027-03-08,41
EMP-1280,2027-03-15,45
EMP-1280,2027-03-22,44
EMP-1281,2026-08-31,69
EMP-1281,2026-09-07,61
EMP-1281,2026-09-14,65
EMP-1281,2026-09-21,66
EMP-1281,2026-09-28,67
EMP-1281,2026-10-05,66
EMP-1281,2026-10-12,70
EMP-1281,2026-10-19,67
EMP-1281,2026-10-26,67
EMP-1281,2026-11-02,70
EMP-1281,2026-11-09,64
EMP-1281,2026-11-16,64
EMP-1281,2026-11-23,63
EMP-1281,2026-11-30,70
EMP-1281,2026-12-07,69
EMP-1281,2026-12-14,68
EMP-1281,2026-12-21,66
EMP-1281,2026-12-28,67
EMP-1281,2027-01-04,62
EMP-1281,2027-01-11,69
EMP-1281,2027-01-18,65
EMP-1281,2027-01-25,70
EMP-1281,2027-02-01,68
EMP-1281,2027-02-08,65
EMP-1281,2027-02-15,62
EMP-1281,2027-02-22,70
EMP-1281,2027-03-01,68
EMP-1281,2027-03-08,63
EMP-1281,2027-03-15,64
EMP-1281,2027-03-22,65
EMP-1282,2026-08-31,58
EMP-1282,2026-09-07,58
EMP-1282,2026-09-14,55
EMP-1282,2026-09-21,62
EMP-1282,2026-09-28,60
EMP-1282,2026-10-05,59
EMP-1282,2026-10-12,62
EMP-1282,2026-10-19,55
EMP-1282,2026-10-26,60
EMP-1282,2026-11-02,62
EMP-1282,2026-11-09,53
EMP-1282,2026-11-16,56
EMP-1282,2026-11-23,55
EMP-1282,2026-11-30,53
EMP-1282,2026-12-07,62
EMP-1282,2026-12-14,60
EMP-1282,2026-12-21,61
EMP-1282,2026-12-28,54
EMP-1282,2027-01-04,62
EMP-1282,2027-01-11,59
EMP-1282,2027-01-18,59
EMP-1282,2027-01-25,57
EMP-1282,2027-02-01,59
EMP-1282,2027-02-08,58
EMP-1282,2027-02-15,60
EMP-1282,2027-02-22,60
EMP-1282,2027-03-01,53
EMP-1282,2027-03-08,60
EMP-1282,2027-03-15,54
EMP-1282,2027-03-22,53
EMP-1283,2026-08-31,48
EMP-1283,2026-09-07,53
EMP-1283,2026-09-14,50
EMP-1283,2026-09-21,56
EMP-1283,2026-09-28,55
EMP-1283,2026-10-05,58
EMP-1283,2026-10-12,55
EMP-1283,2026-10-19,52
EMP-1283,2026-10-26,52
EMP-1283,2026-11-02,55
EMP-1283,2026-11-09,56
EMP-1283,2026-11-16,54
EMP-1283,2026-11-23,52
EMP-1283,2026-11-30,51
EMP-1283,2026-12-07,58
EMP-1283,2026-12-14,50
EMP-1283,2026-12-21,53
EMP-1283,2026-12-28,55
EMP-1283,2027-01-04,57
EMP-1283,2027-01-11,58
EMP-1283,2027-01-18,52
EMP-1283,2027-01-25,48
EMP-1283,2027-02-01,49
EMP-1283,2027-02-08,54
EMP-1283,2027-02-15,57
EMP-1283,2027-02-22,53
EMP-1283,2027-03-01,53
EMP-1283,2027-03-08,51
EMP-1283,2027-03-15,48
EMP-1283,2027-03-22,57
EMP-1284,2026-08-31,51
EMP-1284,2026-09-07,48
EMP-1284,2026-09-14,57
EMP-1284,2026-09-21,48
EMP-1284,2026-09-28,54
EMP-1284,2026-10-05,49
EMP-1284,2026-10-12,50
EMP-1284,2026-10-19,50
EMP-1284,2026-10-26,57
EMP-1284,2026-11-02,47
EMP-1284,2026-11-09,48
EMP-1284,2026-11-16,47
EMP-1284,2026-11-23,49
EMP-1284,2026-11-30,55
EMP-1284,2026-12-07,54
EMP-1284,2026-12-14,52
EMP-1284,2026-12-21,52
EMP-1284,2026-12-28,53
EMP-1284,2027-01-04,51
EMP-1284,2027-01-11,55
EMP-1284,2027-01-18,51
EMP-1284,2027-01-25,55
EMP-1284,2027-02-01,51
EMP-1284,2027-02-08,57
EMP-1284,2027-02-15,52
EMP-1284,2027-02-22,54
EMP-1284,2027-03-01,49
EMP-1284,2027-03-08,55
EMP-1284,2027-03-15,51
EMP-1284,2027-03-22,52
EMP-1285,2026-08-31,44
EMP-1285,2026-09-07,43
EMP-1285,2026-09-14,36
EMP-1285,2026-09-21,41
EMP-1285,2026-09-28,38
EMP-1285,2026-10-05,41
EMP-1285,2026-10-12,34
EMP-1285,2026-10-19,35
EMP-1285,2026-10-26,34
EMP-1285,2026-11-02,42
EMP-1285,2026-11-09,38
EMP-1285,2026-11-16,34
EMP-1285,2026-11-23,40
EMP-1285,2026-11-30,41
EMP-1285,2026-12-07,37
EMP-1285,2026-12-14,40
EMP-1285,2026-12-21,38
EMP-1285,2026-12-28,35
EMP-1285,2027-01-04,39
EMP-1285,2027-01-11,39
EMP-1285,2027-01-18,40
EMP-1285,2027-01-25,37
EMP-1285,2027-02-01,36
EMP-1285,2027-02-08,38
EMP-1285,2027-02-15,43
EMP-1285,2027-02-22,44
EMP-1285,2027-03-01,39
EMP-1285,2027-03-08,36
EMP-1285,2027-03-15,39
EMP-1285,2027-03-22,42
EMP-1286,2026-08-31,58
EMP-1286,2026-09-07,58
EMP-1286,2026-09-14,54
EMP-1286,2026-09-21,58
EMP-1286,2026-09-28,58
EMP-1286,2026-10-05,51
EMP-1286,2026-10-12,49
EMP-1286,2026-10-19,56
EMP-1286,2026-10-26,55
EMP-1286,2026-11-02,49
EMP-1286,2026-11-09,54
EMP-1286,2026-11-16,55
EMP-1286,2026-11-23,55
EMP-1286,2026-11-30,53
EMP-1286,2026-12-07,53
EMP-1286,2026-12-14,54
EMP-1286,2026-12-21,55
EMP-1286,2026-12-28,55
EMP-1286,2027-01-04,49
EMP-1286,2027-01-11,52
EMP-1286,2027-01-18,57
EMP-1286,2027-01-25,55
EMP-1286,2027-02-01,50
EMP-1286,2027-02-08,51
EMP-1286,2027-02-15,55
EMP-1286,2027-02-22,57
EMP-1286,2027-03-01,59
EMP-1286,2027-03-08,51
EMP-1286,2027-03-15,58
EMP-1286,2027-03-22,54
EMP-1287,2026-08-31,62
EMP-1287,2026-09-07,61
EMP-1287,2026-09-14,63
EMP-1287,2026-09-21,56
EMP-1287,2026-09-28,64
EMP-1287,2026-10-05,61
EMP-1287,2026-10-12,56
EMP-1287,2026-10-19,58
EMP-1287,2026-10-26,56
EMP-1287,2026-11-02,61
EMP-1287,2026-11-09,57
EMP-1287,2026-11-16,65
EMP-1287,2026-11-23,57
EMP-1287,2026-11-30,64
EMP-1287,2026-12-07,59
EMP-1287,2026-12-14,56
EMP-1287,2026-12-21,58
EMP-1287,2026-12-28,56
EMP-1287,2027-01-04,58
EMP-1287,2027-01-11,61
EMP-1287,2027-01-18,64
EMP-1287,2027-01-25,62
EMP-1287,2027-02-01,63
EMP-1287,2027-02-08,65
EMP-1287,2027-02-15,60
EMP-1287,2027-02-22,58
EMP-1287,2027-03-01,62
EMP-1287,2027-03-08,60
EMP-1287,2027-03-15,63
EMP-1287,2027-03-22,58
EMP-1288,2026-08-31,54
EMP-1288,2026-09-07,61
EMP-1288,2026-09-14,51
EMP-1288,2026-09-21,60
EMP-1288,2026-09-28,53
EMP-1288,2026-10-05,54
EMP-1288,2026-10-12,61
EMP-1288,2026-10-19,53
EMP-1288,2026-10-26,54
EMP-1288,2026-11-02,60
EMP-1288,2026-11-09,59
EMP-1288,2026-11-16,60
EMP-1288,2026-11-23,61
EMP-1288,2026-11-30,57
EMP-1288,2026-12-07,53
EMP-1288,2026-12-14,56
EMP-1288,2026-12-21,51
EMP-1288,2026-12-28,55
EMP-1288,2027-01-04,52
EMP-1288,2027-01-11,53
EMP-1288,2027-01-18,59
EMP-1288,2027-01-25,60
EMP-1288,2027-02-01,51
EMP-1288,2027-02-08,53
EMP-1288,2027-02-15,54
EMP-1288,2027-02-22,60
EMP-1288,2027-03-01,51
EMP-1288,2027-03-08,56
EMP-1288,2027-03-15,58
EMP-1288,2027-03-22,52
EMP-1289,2026-08-31,57
EMP-1289,2026-09-07,66
EMP-1289,2026-09-14,64
EMP-1289,2026-09-21,62
EMP-1289,2026-09-28,59
EMP-1289,2026-10-05,56
EMP-1289,2026-10-12,63
EMP-1289,2026-10-19,61
EMP-1289,2026-10-26,56
EMP-1289,2026-11-02,59
EMP-1289,2026-11-09,56
EMP-1289,2026-11-16,57
EMP-1289,2026-11-23,58
EMP-1289,2026-11-30,65
EMP-1289,2026-12-07,65
EMP-1289,2026-12-14,61
EMP-1289,2026-12-21,63
EMP-1289,2026-12-28,59
EMP-1289,2027-01-04,59
EMP-1289,2027-01-11,57
EMP-1289,2027-01-18,59
EMP-1289,2027-01-25,65
EMP-1289,2027-02-01,57
EMP-1289,2027-02-08,59
EMP-1289,2027-02-15,58
EMP-1289,2027-02-22,56
EMP-1289,2027-03-01,57
EMP-1289,2027-03-08,57
EMP-1289,2027-03-15,61
EMP-1289,2027-03-22,65
EMP-1290,2026-08-31,63
EMP-1290,2026-09-07,60
EMP-1290,2026-09-14,64
EMP-1290,2026-09-21,68
EMP-1290,2026-09-28,64
EMP-1290,2026-10-05,66
EMP-1290,2026-10-12,67
EMP-1290,2026-10-19,64
EMP-1290,2026-10-26,64
EMP-1290,2026-11-02,67
EMP-1290,2026-11-09,64
EMP-1290,2026-11-16,69
EMP-1290,2026-11-23,62
EMP-1290,2026-11-30,60
EMP-1290,2026-12-07,64
EMP-1290,2026-12-14,69
EMP-1290,2026-12-21,69
EMP-1290,2026-12-28,62
EMP-1290,2027-01-04,70
EMP-1290,2027-01-11,68
EMP-1290,2027-01-18,64
EMP-1290,2027-01-25,68
EMP-1290,2027-02-01,61
EMP-1290,2027-02-08,62
EMP-1290,2027-02-15,64
EMP-1290,2027-02-22,62
EMP-1290,2027-03-01,70
EMP-1290,2027-03-08,61
EMP-1290,2027-03-15,65
EMP-1290,2027-03-22,68
EMP-1291,2026-08-31,58
EMP-1291,2026-09-07,52
EMP-1291,2026-09-14,52
EMP-1291,2026-09-21,58
EMP-1291,2026-09-28,51
EMP-1291,2026-10-05,54
EMP-1291,2026-10-12,51
EMP-1291,2026-10-19,50
EMP-1291,2026-10-26,50
EMP-1291,2026-11-02,54
EMP-1291,2026-11-09,58
EMP-1291,2026-11-16,57
EMP-1291,2026-11-23,51
EMP-1291,2026-11-30,51
EMP-1291,2026-12-07,48
EMP-1291,2026-12-14,48
EMP-1291,2026-12-21,50
EMP-1291,2026-12-28,50
EMP-1291,2027-01-04,51
EMP-1291,2027-01-11,51
EMP-1291,2027-01-18,50
EMP-1291,2027-01-25,58
EMP-1291,2027-02-01,58
EMP-1291,2027-02-08,49
EMP-1291,2027-02-15,53
EMP-1291,2027-02-22,51
EMP-1291,2027-03-01,54
EMP-1291,2027-03-08,56
EMP-1291,2027-03-15,49
EMP-1291,2027-03-22,52
EMP-1292,2026-08-31,64
EMP-1292,2026-09-07,60
EMP-1292,2026-09-14,68
EMP-1292,2026-09-21,69
EMP-1292,2026-09-28,64
EMP-1292,2026-10-05,64
EMP-1292,2026-10-12,70
EMP-1292,2026-10-19,64
EMP-1292,2026-10-26,68
EMP-1292,2026-11-02,64
EMP-1292,2026-11-09,65
EMP-1292,2026-11-16,65
EMP-1292,2026-11-23,64
EMP-1292,2026-11-30,64
EMP-1292,2026-12-07,63
EMP-1292,2026-12-14,70
EMP-1292,2026-12-21,68
EMP-1292,2026-12-28,60
EMP-1292,2027-01-04,68
EMP-1292,2027-01-11,66
EMP-1292,2027-01-18,68
EMP-1292,2027-01-25,61
EMP-1292,2027-02-01,69
EMP-1292,2027-02-08,65
EMP-1292,2027-02-15,70
EMP-1292,2027-02-22,66
EMP-1292,2027-03-01,60
EMP-1292,2027-03-08,68
EMP-1292,2027-03-15,66
EMP-1292,2027-03-22,62
EMP-1293,2026-08-31,66
EMP-1293,2026-09-07,62
EMP-1293,2026-09-14,61
EMP-1293,2026-09-21,57
EMP-1293,2026-09-28,65
EMP-1293,2026-10-05,64
EMP-1293,2026-10-12,57
EMP-1293,2026-10-19,65
EMP-1293,2026-10-26,63
EMP-1293,2026-11-02,66
EMP-1293,2026-11-09,58
EMP-1293,2026-11-16,60
EMP-1293,2026-11-23,56
EMP-1293,2026-11-30,66
EMP-1293,2026-12-07,58
EMP-1293,2026-12-14,57
EMP-1293,2026-12-21,64
EMP-1293,2026-12-28,65
EMP-1293,2027-01-04,61
EMP-1293,2027-01-11,62
EMP-1293,2027-01-18,60
EMP-1293,2027-01-25,66
EMP-1293,2027-02-01,59
EMP-1293,2027-02-08,64
EMP-1293,2027-02-15,57
EMP-1293,2027-02-22,65
EMP-1293,2027-03-01,64
EMP-1293,2027-03-08,60
EMP-1293,2027-03-15,58
EMP-1293,2027-03-22,66
EMP-1294,2026-08-31,47
EMP-1294,2026-09-07,54
EMP-1294,2026-09-14,52
EMP-1294,2026-09-21,48
EMP-1294,2026-09-28,55
EMP-1294,2026-10-05,49
EMP-1294,2026-10-12,56
EMP-1294,2026-10-19,50
EMP-1294,2026-10-26,48
EMP-1294,2026-11-02,53
EMP-1294,2026-11-09,48
EMP-1294,2026-11-16,57
EMP-1294,2026-11-23,54
EMP-1294,2026-11-30,49
EMP-1294,2026-12-07,50
EMP-1294,2026-12-14,52
EMP-1294,2026-12-21,49
EMP-1294,2026-12-28,49
EMP-1294,2027-01-04,53
EMP-1294,2027-01-11,57
EMP-1294,2027-01-18,52
EMP-1294,2027-01-25,47
EMP-1294,2027-02-01,50
EMP-1294,2027-02-08,48
EMP-1294,2027-02-15,54
EMP-1294,2027-02-22,57
EMP-1294,2027-03-01,53
EMP-1294,2027-03-08,53
EMP-1294,2027-03-15,53
EMP-1294,2027-03-22,55
EMP-1295,2026-08-31,64
EMP-1295,2026-09-07,63
EMP-1295,2026-09-14,67
EMP-1295,2026-09-21,61
EMP-1295,2026-09-28,63
EMP-1295,2026-10-05,58
EMP-1295,2026-10-12,60
EMP-1295,2026-10-19,61
EMP-1295,2026-10-26,67
EMP-1295,2026-11-02,58
EMP-1295,2026-11-09,61
EMP-1295,2026-11-16,68
EMP-1295,2026-11-23,65
EMP-1295,2026-11-30,65
EMP-1295,2026-12-07,62
EMP-1295,2026-12-14,58
EMP-1295,2026-12-21,62
EMP-1295,2026-12-28,67
EMP-1295,2027-01-04,62
EMP-1295,2027-01-11,62
EMP-1295,2027-01-18,68
EMP-1295,2027-01-25,63
EMP-1295,2027-02-01,61
EMP-1295,2027-02-08,62
EMP-1295,2027-02-15,66
EMP-1295,2027-02-22,67
EMP-1295,2027-03-01,60
EMP-1295,2027-03-08,63
EMP-1295,2027-03-15,60
EMP-1295,2027-03-22,67
EMP-1296,2026-08-31,49
EMP-1296,2026-09-07,50
EMP-1296,2026-09-14,48
EMP-1296,2026-09-21,51
EMP-1296,2026-09-28,52
EMP-1296,2026-10-05,52
EMP-1296,2026-10-12,54
EMP-1296,2026-10-19,55
EMP-1296,2026-10-26,49
EMP-1296,2026-11-02,50
EMP-1296,2026-11-09,52
EMP-1296,2026-11-16,54
EMP-1296,2026-11-23,49
EMP-1296,2026-11-30,48
EMP-1296,2026-12-07,56
EMP-1296,2026-12-14,55
EMP-1296,2026-12-21,49
EMP-1296,2026-12-28,51
EMP-1296,2027-01-04,47
EMP-1296,2027-01-11,57
EMP-1296,2027-01-18,52
EMP-1296,2027-01-25,48
EMP-1296,2027-02-01,48
EMP-1296,2027-02-08,54
EMP-1296,2027-02-15,54
EMP-1296,2027-02-22,48
EMP-1296,2027-03-01,56
EMP-1296,2027-03-08,48
EMP-1296,2027-03-15,48
EMP-1296,2027-03-22,57
EMP-1297,2026-08-31,68
EMP-1297,2026-09-07,59
EMP-1297,2026-09-14,67
EMP-1297,2026-09-21,61
EMP-1297,2026-09-28,66
EMP-1297,2026-10-05,66
EMP-1297,2026-10-12,65
EMP-1297,2026-10-19,62
EMP-1297,2026-10-26,66
EMP-1297,2026-11-02,61
EMP-1297,2026-11-09,66
EMP-1297,2026-11-16,62
EMP-1297,2026-11-23,68
EMP-1297,2026-11-30,61
EMP-1297,2026-12-07,58
EMP-1297,2026-12-14,61
EMP-1297,2026-12-21,65
EMP-1297,2026-12-28,60
EMP-1297,2027-01-04,58
EMP-1297,2027-01-11,62
EMP-1297,2027-01-18,67
EMP-1297,2027-01-25,61
EMP-1297,2027-02-01,66
EMP-1297,2027-02-08,60
EMP-1297,2027-02-15,65
EMP-1297,2027-02-22,66
EMP-1297,2027-03-01,68
EMP-1297,2027-03-08,61
EMP-1297,2027-03-15,64
EMP-1297,2027-03-22,67
EMP-1298,2026-08-31,64
EMP-1298,2026-09-07,60
EMP-1298,2026-09-14,61
EMP-1298,2026-09-21,64
EMP-1298,2026-09-28,66
EMP-1298,2026-10-05,66
EMP-1298,2026-10-12,63
EMP-1298,2026-10-19,63
EMP-1298,2026-10-26,65
EMP-1298,2026-11-02,68
EMP-1298,2026-11-09,60
EMP-1298,2026-11-16,59
EMP-1298,2026-11-23,65
EMP-1298,2026-11-30,61
EMP-1298,2026-12-07,63
EMP-1298,2026-12-14,67
EMP-1298,2026-12-21,59
EMP-1298,2026-12-28,60
EMP-1298,2027-01-04,61
EMP-1298,2027-01-11,66
EMP-1298,2027-01-18,67
EMP-1298,2027-01-25,66
EMP-1298,2027-02-01,67
EMP-1298,2027-02-08,61
EMP-1298,2027-02-15,58
EMP-1298,2027-02-22,68
EMP-1298,2027-03-01,68
EMP-1298,2027-03-08,67
EMP-1298,2027-03-15,68
EMP-1298,2027-03-22,62
EMP-1299,2026-08-31,69
EMP-1299,2026-09-07,63
EMP-1299,2026-09-14,62
EMP-1299,2026-09-21,62
EMP-1299,2026-09-28,63
EMP-1299,2026-10-05,63
EMP-1299,2026-10-12,65
EMP-1299,2026-10-19,60
EMP-1299,2026-10-26,59
EMP-1299,2026-11-02,64
EMP-1299,2026-11-09,64
EMP-1299,2026-11-16,64
EMP-1299,2026-11-23,59
EMP-1299,2026-11-30,62
EMP-1299,2026-12-07,61
EMP-1299,2026-12-14,61
EMP-1299,2026-12-21,64
EMP-1299,2026-12-28,69
EMP-1299,2027-01-04,62
EMP-1299,2027-01-11,59
EMP-1299,2027-01-18,60
EMP-1299,2027-01-25,62
EMP-1299,2027-02-01,59
EMP-1299,2027-02-08,68
EMP-1299,2027-02-15,63
EMP-1299,2027-02-22,60
EMP-1299,2027-03-01,69
EMP-1299,2027-03-08,61
EMP-1299,2027-03-15,63
EMP-1299,2027-03-22,64
EMP-1300,2026-08-31,54
EMP-1300,2026-09-07,52
EMP-1300,2026-09-14,49
EMP-1300,2026-09-21,54
EMP-1300,2026-09-28,50
EMP-1300,2026-10-05,59
EMP-1300,2026-10-12,53
EMP-1300,2026-10-19,55
EMP-1300,2026-10-26,51
EMP-1300,2026-11-02,53
EMP-1300,2026-11-09,54
EMP-1300,2026-11-16,56
EMP-1300,2026-11-23,58
EMP-1300,2026-11-30,52
EMP-1300,2026-12-07,59
EMP-1300,2026-12-14,58
EMP-1300,2026-12-21,52
EMP-1300,2026-12-28,54
EMP-1300,2027-01-04,52
EMP-1300,2027-01-11,52
EMP-1300,2027-01-18,54
EMP-1300,2027-01-25,56
EMP-1300,2027-02-01,59
EMP-1300,2027-02-08,57
EMP-1300,2027-02-15,55
EMP-1300,2027-02-22,58
EMP-1300,2027-03-01,49
EMP-1300,2027-03-08,49
EMP-1300,2027-03-15,50
EMP-1300,2027-03-22,57
EMP-1301,2026-08-31,55
EMP-1301,2026-09-07,53
EMP-1301,2026-09-14,50
EMP-1301,2026-09-21,48
EMP-1301,2026-09-28,51
EMP-1301,2026-10-05,51
EMP-1301,2026-10-12,58
EMP-1301,2026-10-19,50
EMP-1301,2026-10-26,48
EMP-1301,2026-11-02,50
EMP-1301,2026-11-09,53
EMP-1301,2026-11-16,50
EMP-1301,2026-11-23,55
EMP-1301,2026-11-30,49
EMP-1301,2026-12-07,48
EMP-1301,2026-12-14,58
EMP-1301,2026-12-21,50
EMP-1301,2026-12-28,51
EMP-1301,2027-01-04,58
EMP-1301,2027-01-11,51
EMP-1301,2027-01-18,55
EMP-1301,2027-01-25,56
EMP-1301,2027-02-01,49
EMP-1301,2027-02-08,51
EMP-1301,2027-02-15,57
EMP-1301,2027-02-22,52
EMP-1301,2027-03-01,55
EMP-1301,2027-03-08,51
EMP-1301,2027-03-15,58
EMP-1301,2027-03-22,58
EMP-1302,2026-08-31,57
EMP-1302,2026-09-07,59
EMP-1302,2026-09-14,53
EMP-1302,2026-09-21,55
EMP-1302,2026-09-28,58
EMP-1302,2026-10-05,58
EMP-1302,2026-10-12,50
EMP-1302,2026-10-19,59
EMP-1302,2026-10-26,59
EMP-1302,2026-11-02,50
EMP-1302,2026-11-09,52
EMP-1302,2026-11-16,49
EMP-1302,2026-11-23,53
EMP-1302,2026-11-30,57
EMP-1302,2026-12-07,52
EMP-1302,2026-12-14,55
EMP-1302,2026-12-21,59
EMP-1302,2026-12-28,52
EMP-1302,2027-01-04,58
EMP-1302,2027-01-11,57
EMP-1302,2027-01-18,49
EMP-1302,2027-01-25,54
EMP-1302,2027-02-01,49
EMP-1302,2027-02-08,52
EMP-1302,2027-02-15,58
EMP-1302,2027-02-22,56
EMP-1302,2027-03-01,52
EMP-1302,2027-03-08,53
EMP-1302,2027-03-15,51
EMP-1302,2027-03-22,50
EMP-1303,2026-08-31,59
EMP-1303,2026-09-07,62
EMP-1303,2026-09-14,63
EMP-1303,2026-09-21,60
EMP-1303,2026-09-28,65
EMP-1303,2026-10-05,61
EMP-1303,2026-10-12,61
EMP-1303,2026-10-19,58
EMP-1303,2026-10-26,68
EMP-1303,2026-11-02,65
EMP-1303,2026-11-09,60
EMP-1303,2026-11-16,64
EMP-1303,2026-11-23,58
EMP-1303,2026-11-30,58
EMP-1303,2026-12-07,61
EMP-1303,2026-12-14,65
EMP-1303,2026-12-21,68
EMP-1303,2026-12-28,62
EMP-1303,2027-01-04,58
EMP-1303,2027-01-11,62
EMP-1303,2027-01-18,64
EMP-1303,2027-01-25,66
EMP-1303,2027-02-01,65
EMP-1303,2027-02-08,61
EMP-1303,2027-02-15,67
EMP-1303,2027-02-22,63
EMP-1303,2027-03-01,58
EMP-1303,2027-03-08,61
EMP-1303,2027-03-15,65
EMP-1303,2027-03-22,58
EMP-1304,2026-08-31,57
EMP-1304,2026-09-07,52
EMP-1304,2026-09-14,59
EMP-1304,2026-09-21,54
EMP-1304,2026-09-28,60
EMP-1304,2026-10-05,55
EMP-1304,2026-10-12,51
EMP-1304,2026-10-19,58
EMP-1304,2026-10-26,52
EMP-1304,2026-11-02,59
EMP-1304,2026-11-09,54
EMP-1304,2026-11-16,51
EMP-1304,2026-11-23,50
EMP-1304,2026-11-30,58
EMP-1304,2026-12-07,58
EMP-1304,2026-12-14,57
EMP-1304,2026-12-21,51
EMP-1304,2026-12-28,51
EMP-1304,2027-01-04,50
EMP-1304,2027-01-11,53
EMP-1304,2027-01-18,57
EMP-1304,2027-01-25,59
EMP-1304,2027-02-01,56
EMP-1304,2027-02-08,54
EMP-1304,2027-02-15,51
EMP-1304,2027-02-22,56
EMP-1304,2027-03-01,56
EMP-1304,2027-03-08,54
EMP-1304,2027-03-15,50
EMP-1304,2027-03-22,57
EMP-1305,2026-08-31,54
EMP-1305,2026-09-07,56
EMP-1305,2026-09-14,56
EMP-1305,2026-09-21,55
EMP-1305,2026-09-28,56
EMP-1305,2026-10-05,57
EMP-1305,2026-10-12,50
EMP-1305,2026-10-19,52
EMP-1305,2026-10-26,55
EMP-1305,2026-11-02,51
EMP-1305,2026-11-09,53
EMP-1305,2026-11-16,51
EMP-1305,2026-11-23,48
EMP-1305,2026-11-30,52
EMP-1305,2026-12-07,49
EMP-1305,2026-12-14,57
EMP-1305,2026-12-21,52
EMP-1305,2026-12-28,57
EMP-1305,2027-01-04,52
EMP-1305,2027-01-11,48
EMP-1305,2027-01-18,48
EMP-1305,2027-01-25,55
EMP-1305,2027-02-01,57
EMP-1305,2027-02-08,52
EMP-1305,2027-02-15,48
EMP-1305,2027-02-22,49
EMP-1305,2027-03-01,56
EMP-1305,2027-03-08,50
EMP-1305,2027-03-15,56
EMP-1305,2027-03-22,51
EMP-1306,2026-08-31,59
EMP-1306,2026-09-07,56
EMP-1306,2026-09-14,55
EMP-1306,2026-09-21,59
EMP-1306,2026-09-28,59
EMP-1306,2026-10-05,60
EMP-1306,2026-10-12,58
EMP-1306,2026-10-19,61
EMP-1306,2026-10-26,53
EMP-1306,2026-11-02,53
EMP-1306,2026-11-09,53
EMP-1306,2026-11-16,53
EMP-1306,2026-11-23,60
EMP-1306,2026-11-30,54
EMP-1306,2026-12-07,61
EMP-1306,2026-12-14,52
EMP-1306,2026-12-21,57
EMP-1306,2026-12-28,55
EMP-1306,2027-01-04,54
EMP-1306,2027-01-11,57
EMP-1306,2027-01-18,58
EMP-1306,2027-01-25,59
EMP-1306,2027-02-01,59
EMP-1306,2027-02-08,56
EMP-1306,2027-02-15,55
EMP-1306,2027-02-22,59
EMP-1306,2027-03-01,62
EMP-1306,2027-03-08,53
EMP-1306,2027-03-15,60
EMP-1306,2027-03-22,55
EMP-1307,2026-08-31,41
EMP-1307,2026-09-07,34
EMP-1307,2026-09-14,44
EMP-1307,2026-09-21,44
EMP-1307,2026-09-28,41
EMP-1307,2026-10-05,39
EMP-1307,2026-10-12,37
EMP-1307,2026-10-19,41
EMP-1307,2026-10-26,34
EMP-1307,2026-11-02,39
EMP-1307,2026-11-09,34
EMP-1307,2026-11-16,44
EMP-1307,2026-11-23,40
EMP-1307,2026-11-30,43
EMP-1307,2026-12-07,44
EMP-1307,2026-12-14,39
EMP-1307,2026-12-21,43
EMP-1307,2026-12-28,36
EMP-1307,2027-01-04,41
EMP-1307,2027-01-11,41
EMP-1307,2027-01-18,40
EMP-1307,2027-01-25,40
EMP-1307,2027-02-01,39
EMP-1307,2027-02-08,42
EMP-1307,2027-02-15,37
EMP-1307,2027-02-22,34
EMP-1307,2027-03-01,39
EMP-1307,2027-03-08,44
EMP-1307,2027-03-15,36
EMP-1307,2027-03-22,41
EMP-1308,2026-08-31,62
EMP-1308,2026-09-07,68
EMP-1308,2026-09-14,63
EMP-1308,2026-09-21,69
EMP-1308,2026-09-28,70
EMP-1308,2026-10-05,64
EMP-1308,2026-10-12,62
EMP-1308,2026-10-19,67
EMP-1308,2026-10-26,62
EMP-1308,2026-11-02,69
EMP-1308,2026-11-09,68
EMP-1308,2026-11-16,68
EMP-1308,2026-11-23,65
EMP-1308,2026-11-30,67
EMP-1308,2026-12-07,67
EMP-1308,2026-12-14,68
EMP-1308,2026-12-21,65
EMP-1308,2026-12-28,67
EMP-1308,2027-01-04,70
EMP-1308,2027-01-11,67
EMP-1308,2027-01-18,68
EMP-1308,2027-01-25,65
EMP-1308,2027-02-01,66
EMP-1308,2027-02-08,62
EMP-1308,2027-02-15,62
EMP-1308,2027-02-22,70
EMP-1308,2027-03-01,69
EMP-1308,2027-03-08,70
EMP-1308,2027-03-15,70
EMP-1308,2027-03-22,70
EMP-1309,2026-08-31,54
EMP-1309,2026-09-07,58
EMP-1309,2026-09-14,55
EMP-1309,2026-09-21,58
EMP-1309,2026-09-28,59
EMP-1309,2026-10-05,57
EMP-1309,2026-10-12,54
EMP-1309,2026-10-19,61
EMP-1309,2026-10-26,56
EMP-1309,2026-11-02,60
EMP-1309,2026-11-09,54
EMP-1309,2026-11-16,55
EMP-1309,2026-11-23,57
EMP-1309,2026-11-30,55
EMP-1309,2026-12-07,64
EMP-1309,2026-12-14,54
EMP-1309,2026-12-21,61
EMP-1309,2026-12-28,58
EMP-1309,2027-01-04,54
EMP-1309,2027-01-11,61
EMP-1309,2027-01-18,54
EMP-1309,2027-01-25,56
EMP-1309,2027-02-01,60
EMP-1309,2027-02-08,55
EMP-1309,2027-02-15,59
EMP-1309,2027-02-22,56
EMP-1309,2027-03-01,59
EMP-1309,2027-03-08,59
EMP-1309,2027-03-15,54
EMP-1309,2027-03-22,55
EMP-1310,2026-08-31,62
EMP-1310,2026-09-07,64
EMP-1310,2026-09-14,67
EMP-1310,2026-09-21,60
EMP-1310,2026-09-28,63
EMP-1310,2026-10-05,61
EMP-1310,2026-10-12,59
EMP-1310,2026-10-19,59
EMP-1310,2026-10-26,60
EMP-1310,2026-11-02,65
EMP-1310,2026-11-09,60
EMP-1310,2026-11-16,58
EMP-1310,2026-11-23,58
EMP-1310,2026-11-30,67
EMP-1310,2026-12-07,62
EMP-1310,2026-12-14,68
EMP-1310,2026-12-21,62
EMP-1310,2026-12-28,63
EMP-1310,2027-01-04,68
EMP-1310,2027-01-11,63
EMP-1310,2027-01-18,67
EMP-1310,2027-01-25,58
EMP-1310,2027-02-01,60
EMP-1310,2027-02-08,58
EMP-1310,2027-02-15,67
EMP-1310,2027-02-22,58
EMP-1310,2027-03-01,64
EMP-1310,2027-03-08,65
EMP-1310,2027-03-15,61
EMP-1310,2027-03-22,68
EMP-1311,2026-08-31,37
EMP-1311,2026-09-07,39
EMP-1311,2026-09-14,35
EMP-1311,2026-09-21,34
EMP-1311,2026-09-28,31
EMP-1311,2026-10-05,34
EMP-1311,2026-10-12,41
EMP-1311,2026-10-19,34
EMP-1311,2026-10-26,37
EMP-1311,2026-11-02,39
EMP-1311,2026-11-09,34
EMP-1311,2026-11-16,35
EMP-1311,2026-11-23,31
EMP-1311,2026-11-30,40
EMP-1311,2026-12-07,36
EMP-1311,2026-12-14,36
EMP-1311,2026-12-21,40
EMP-1311,2026-12-28,39
EMP-1311,2027-01-04,33
EMP-1311,2027-01-11,37
EMP-1311,2027-01-18,34
EMP-1311,2027-01-25,31
EMP-1311,2027-02-01,36
EMP-1311,2027-02-08,40
EMP-1311,2027-02-15,40
EMP-1311,2027-02-22,35
EMP-1311,2027-03-01,31
EMP-1311,2027-03-08,33
EMP-1311,2027-03-15,39
EMP-1311,2027-03-22,31
EMP-1312,2026-08-31,60
EMP-1312,2026-09-07,60
EMP-1312,2026-09-14,57
EMP-1312,2026-09-21,60
EMP-1312,2026-09-28,60
EMP-1312,2026-10-05,52
EMP-1312,2026-10-12,53
EMP-1312,2026-10-19,59
EMP-1312,2026-10-26,61
EMP-1312,2026-11-02,55
EMP-1312,2026-11-09,60
EMP-1312,2026-11-16,59
EMP-1312,2026-11-23,55
EMP-1312,2026-11-30,55
EMP-1312,2026-12-07,52
EMP-1312,2026-12-14,52
EMP-1312,2026-12-21,59
EMP-1312,2026-12-28,61
EMP-1312,2027-01-04,59
EMP-1312,2027-01-11,58
EMP-1312,2027-01-18,58
EMP-1312,2027-01-25,60
EMP-1312,2027-02-01,56
EMP-1312,2027-02-08,54
EMP-1312,2027-02-15,54
EMP-1312,2027-02-22,55
EMP-1312,2027-03-01,54
EMP-1312,2027-03-08,52
EMP-1312,2027-03-15,55
EMP-1312,2027-03-22,59
EMP-1313,2026-08-31,57
EMP-1313,2026-09-07,57
EMP-1313,2026-09-14,65
EMP-1313,2026-09-21,58
EMP-1313,2026-09-28,60
EMP-1313,2026-10-05,58
EMP-1313,2026-10-12,65
EMP-1313,2026-10-19,62
EMP-1313,2026-10-26,59
EMP-1313,2026-11-02,59
EMP-1313,2026-11-09,59
EMP-1313,2026-11-16,56
EMP-1313,2026-11-23,65
EMP-1313,2026-11-30,61
EMP-1313,2026-12-07,60
EMP-1313,2026-12-14,65
EMP-1313,2026-12-21,59
EMP-1313,2026-12-28,65
EMP-1313,2027-01-04,60
EMP-1313,2027-01-11,58
EMP-1313,2027-01-18,61
EMP-1313,2027-01-25,60
EMP-1313,2027-02-01,58
EMP-1313,2027-02-08,59
EMP-1313,2027-02-15,65
EMP-1313,2027-02-22,60
EMP-1313,2027-03-01,61
EMP-1313,2027-03-08,66
EMP-1313,2027-03-15,58
EMP-1313,2027-03-22,56
EMP-1314,2026-08-31,63
EMP-1314,2026-09-07,61
EMP-1314,2026-09-14,63
EMP-1314,2026-09-21,61
EMP-1314,2026-09-28,59
EMP-1314,2026-10-05,64
EMP-1314,2026-10-12,61
EMP-1314,2026-10-19,59
EMP-1314,2026-10-26,65
EMP-1314,2026-11-02,67
EMP-1314,2026-11-09,64
EMP-1314,2026-11-16,59
EMP-1314,2026-11-23,57
EMP-1314,2026-11-30,58
EMP-1314,2026-12-07,60
EMP-1314,2026-12-14,63
EMP-1314,2026-12-21,66
EMP-1314,2026-12-28,64
EMP-1314,2027-01-04,58
EMP-1314,2027-01-11,59
EMP-1314,2027-01-18,59
EMP-1314,2027-01-25,67
EMP-1314,2027-02-01,66
EMP-1314,2027-02-08,57
EMP-1314,2027-02-15,60
EMP-1314,2027-02-22,62
EMP-1314,2027-03-01,62
EMP-1314,2027-03-08,61
EMP-1314,2027-03-15,58
EMP-1314,2027-03-22,66
EMP-1315,2026-08-31,50
EMP-1315,2026-09-07,52
EMP-1315,2026-09-14,54
EMP-1315,2026-09-21,50
EMP-1315,2026-09-28,50
EMP-1315,2026-10-05,52
EMP-1315,2026-10-12,56
EMP-1315,2026-10-19,48
EMP-1315,2026-10-26,55
EMP-1315,2026-11-02,58
EMP-1315,2026-11-09,54
EMP-1315,2026-11-16,48
EMP-1315,2026-11-23,56
EMP-1315,2026-11-30,56
EMP-1315,2026-12-07,53
EMP-1315,2026-12-14,57
EMP-1315,2026-12-21,49
EMP-1315,2026-12-28,51
EMP-1315,2027-01-04,51
EMP-1315,2027-01-11,57
EMP-1315,2027-01-18,51
EMP-1315,2027-01-25,48
EMP-1315,2027-02-01,51
EMP-1315,2027-02-08,55
EMP-1315,2027-02-15,55
EMP-1315,2027-02-22,55
EMP-1315,2027-03-01,48
EMP-1315,2027-03-08,57
EMP-1315,2027-03-15,52
EMP-1315,2027-03-22,56
EMP-1316,2026-08-31,54
EMP-1316,2026-09-07,53
EMP-1316,2026-09-14,55
EMP-1316,2026-09-21,59
EMP-1316,2026-09-28,49
EMP-1316,2026-10-05,57
EMP-1316,2026-10-12,53
EMP-1316,2026-10-19,57
EMP-1316,2026-10-26,53
EMP-1316,2026-11-02,57
EMP-1316,2026-11-09,55
EMP-1316,2026-11-16,51
EMP-1316,2026-11-23,53
EMP-1316,2026-11-30,56
EMP-1316,2026-12-07,54
EMP-1316,2026-12-14,55
EMP-1316,2026-12-21,50
EMP-1316,2026-12-28,58
EMP-1316,2027-01-04,50
EMP-1316,2027-01-11,51
EMP-1316,2027-01-18,58
EMP-1316,2027-01-25,53
EMP-1316,2027-02-01,54
EMP-1316,2027-02-08,55
EMP-1316,2027-02-15,53
EMP-1316,2027-02-22,52
EMP-1316,2027-03-01,56
EMP-1316,2027-03-08,50
EMP-1316,2027-03-15,50
EMP-1316,2027-03-22,58
EMP-1317,2026-08-31,64
EMP-1317,2026-09-07,63
EMP-1317,2026-09-14,61
EMP-1317,2026-09-21,62
EMP-1317,2026-09-28,70
EMP-1317,2026-10-05,64
EMP-1317,2026-10-12,67
EMP-1317,2026-10-19,70
EMP-1317,2026-10-26,67
EMP-1317,2026-11-02,66
EMP-1317,2026-11-09,67
EMP-1317,2026-11-16,68
EMP-1317,2026-11-23,61
EMP-1317,2026-11-30,64
EMP-1317,2026-12-07,64
EMP-1317,2026-12-14,60
EMP-1317,2026-12-21,62
EMP-1317,2026-12-28,61
EMP-1317,2027-01-04,60
EMP-1317,2027-01-11,69
EMP-1317,2027-01-18,62
EMP-1317,2027-01-25,65
EMP-1317,2027-02-01,68
EMP-1317,2027-02-08,69
EMP-1317,2027-02-15,64
EMP-1317,2027-02-22,61
EMP-1317,2027-03-01,70
EMP-1317,2027-03-08,62
EMP-1317,2027-03-15,70
EMP-1317,2027-03-22,62
EMP-1318,2026-08-31,55
EMP-1318,2026-09-07,60
EMP-1318,2026-09-14,57
EMP-1318,2026-09-21,58
EMP-1318,2026-09-28,56
EMP-1318,2026-10-05,53
EMP-1318,2026-10-12,58
EMP-1318,2026-10-19,59
EMP-1318,2026-10-26,54
EMP-1318,2026-11-02,52
EMP-1318,2026-11-09,52
EMP-1318,2026-11-16,62
EMP-1318,2026-11-23,62
EMP-1318,2026-11-30,59
EMP-1318,2026-12-07,57
EMP-1318,2026-12-14,56
EMP-1318,2026-12-21,53
EMP-1318,2026-12-28,56
EMP-1318,2027-01-04,61
EMP-1318,2027-01-11,61
EMP-1318,2027-01-18,59
EMP-1318,2027-01-25,52
EMP-1318,2027-02-01,57
EMP-1318,2027-02-08,57
EMP-1318,2027-02-15,61
EMP-1318,2027-02-22,57
EMP-1318,2027-03-01,54
EMP-1318,2027-03-08,55
EMP-1318,2027-03-15,59
EMP-1318,2027-03-22,58
EMP-1319,2026-08-31,67
EMP-1319,2026-09-07,64
EMP-1319,2026-09-14,58
EMP-1319,2026-09-21,59
EMP-1319,2026-09-28,65
EMP-1319,2026-10-05,64
EMP-1319,2026-10-12,58
EMP-1319,2026-10-19,60
EMP-1319,2026-10-26,67
EMP-1319,2026-11-02,64
EMP-1319,2026-11-09,61
EMP-1319,2026-11-16,65
EMP-1319,2026-11-23,61
EMP-1319,2026-11-30,62
EMP-1319,2026-12-07,67
EMP-1319,2026-12-14,59
EMP-1319,2026-12-21,64
EMP-1319,2026-12-28,64
EMP-1319,2027-01-04,61
EMP-1319,2027-01-11,68
EMP-1319,2027-01-18,67
EMP-1319,2027-01-25,58
EMP-1319,2027-02-01,66
EMP-1319,2027-02-08,62
EMP-1319,2027-02-15,62
EMP-1319,2027-02-22,63
EMP-1319,2027-03-01,67
EMP-1319,2027-03-08,67
EMP-1319,2027-03-15,65
EMP-1319,2027-03-22,61
EMP-1320,2026-08-31,62
EMP-1320,2026-09-07,57
EMP-1320,2026-09-14,53
EMP-1320,2026-09-21,54
EMP-1320,2026-09-28,61
EMP-1320,2026-10-05,56
EMP-1320,2026-10-12,57
EMP-1320,2026-10-19,54
EMP-1320,2026-10-26,59
EMP-1320,2026-11-02,60
EMP-1320,2026-11-09,56
EMP-1320,2026-11-16,62
EMP-1320,2026-11-23,54
EMP-1320,2026-11-30,59
EMP-1320,2026-12-07,58
EMP-1320,2026-12-14,56
EMP-1320,2026-12-21,60
EMP-1320,2026-12-28,55
EMP-1320,2027-01-04,56
EMP-1320,2027-01-11,53
EMP-1320,2027-01-18,61
EMP-1320,2027-01-25,53
EMP-1320,2027-02-01,63
EMP-1320,2027-02-08,56
EMP-1320,2027-02-15,56
EMP-1320,2027-02-22,53
EMP-1320,2027-03-01,58
EMP-1320,2027-03-08,63
EMP-1320,2027-03-15,59
EMP-1320,2027-03-22,53
